date,Adj Close,Close,High,Low,Open,Volume
2022-01-03,36421.4765625,36421.8984375,36492.1015625,35526.6015625,35585.19921875,219000
2022-01-04,36839.71875,36840.1484375,36887.80078125,36374.3984375,36551.25,190500
2022-01-05,37695.4609375,37695.8984375,37862.3984375,36756.3515625,36943.55078125,237400
2022-01-06,37489.8125,37490.25,37752.5,37058.44921875,37242.55078125,199000
2022-01-07,37739.1640625,37739.6015625,38134.8515625,37427.80078125,37667.05078125,183300
2022-01-10,38347.453125,38347.8984375,38400.3515625,37929.3515625,37930.55078125,206500
2022-01-11,38441.75390625,38442.19921875,38504.6015625,38031.75,38370.0,159500
2022-01-12,38727.1015625,38727.55078125,38851.44921875,38604.6015625,38719.6015625,156100
2022-01-13,38469.50390625,38469.94921875,38717.55078125,38376.1484375,38717.55078125,159200
2022-01-14,38369.953125,38370.3984375,38448.05078125,38007.75,38302.3515625,148600
2022-01-17,38215.703125,38216.1484375,38617.5,38138.25,38212.55078125,140300
2022-01-18,38209.85546875,38210.30078125,38855.55078125,38095.3984375,38337.3984375,168800
2022-01-19,38040.91015625,38041.3515625,38330.5,37769.25,38145.75,165300
2022-01-20,37850.41015625,37850.8515625,38167.94921875,37591.8515625,38106.1015625,149600
2022-01-21,37573.86328125,37574.30078125,37741.0,37224.25,37522.3515625,157800
2022-01-24,36947.12109375,36947.55078125,37694.69921875,36375.3515625,37601.94921875,231000
2022-01-25,37706.3125,37706.75,37788.80078125,36415.6015625,36598.05078125,267500
2022-01-27,37981.66015625,37982.1015625,38147.6484375,37012.25,37058.19921875,346300
2022-01-28,37688.9609375,37689.3984375,38421.69921875,37581.5,38246.6015625,294300
2022-01-31,37974.91015625,37975.3515625,38217.25,37647.8515625,38091.80078125,217800
2022-02-01,38505.05078125,38505.5,38802.69921875,37690.6015625,38460.44921875,234100
2022-02-02,39330.04296875,39330.5,39386.6015625,38752.6484375,38841.55078125,252600
2022-02-03,39009.546875,39010.0,39424.8515625,38861.1484375,39255.69921875,193800
2022-02-04,38788.90234375,38789.3515625,39278.6015625,38562.6015625,39128.0,163100
2022-02-07,37995.0078125,37995.44921875,38837.55078125,37802.69921875,38592.05078125,241900
2022-02-08,38028.0078125,38028.44921875,38222.1015625,37319.05078125,38176.1015625,200200
2022-02-09,38609.80078125,38610.25,38648.1484375,38192.0,38283.6015625,124900
2022-02-10,39010.49609375,39010.94921875,39197.19921875,38520.0,38801.44921875,147800
2022-02-11,38516.80078125,38517.25,38790.25,38396.3984375,38567.6484375,155000
2022-02-14,36908.12109375,36908.55078125,37796.55078125,36828.05078125,37664.0,213800
2022-02-15,38169.65625,38170.1015625,38231.6015625,36651.8515625,36989.80078125,193000
2022-02-16,37953.359375,37953.80078125,38461.69921875,37762.80078125,38296.5,170100
2022-02-17,37531.2109375,37531.6484375,38124.5,37425.6015625,38042.1015625,136300
2022-02-18,37598.7109375,37599.1484375,37817.55078125,37304.44921875,37344.44921875,113500
2022-02-21,37685.1640625,37685.6015625,38054.3984375,37156.80078125,37400.0,143300
2022-02-22,37371.21484375,37371.6484375,37659.3984375,36818.1015625,36833.0,159400
2022-02-23,37391.6171875,37392.05078125,37774.6015625,37318.0,37628.55078125,137300
2022-02-24,35227.69140625,35228.1015625,36709.1484375,34991.3515625,36085.19921875,427800
2022-02-25,36430.328125,36430.75,36684.6484375,35768.19921875,35901.69921875,372800
2022-02-28,36204.87890625,36205.30078125,36270.25,35611.8984375,35938.94921875,238300
2022-03-02,35372.390625,35372.80078125,35553.69921875,34897.44921875,35381.8984375,211300
2022-03-03,34943.89453125,34944.30078125,35804.1484375,34721.1484375,35621.1484375,172500
2022-03-04,34407.40234375,34407.80078125,35097.75,34094.1015625,34526.1015625,194500
2022-03-07,32870.8671875,32871.25,33543.30078125,32376.5,33278.1484375,248900
2022-03-08,33157.71484375,33158.1015625,33263.55078125,32155.349609375,32531.900390625,276800
2022-03-09,33815.0546875,33815.44921875,33969.5,32948.8984375,33278.8984375,258500
2022-03-10,34475.19921875,34475.6015625,35374.1484375,34218.05078125,35153.94921875,273900
2022-03-11,34545.84765625,34546.25,34880.05078125,34094.30078125,34331.0,169500
2022-03-14,35311.73828125,35312.1484375,35435.1015625,34625.05078125,34660.25,193300
2022-03-15,35022.2421875,35022.6484375,35643.80078125,34706.05078125,35467.94921875,224200
2022-03-16,35747.8359375,35748.25,35806.3515625,35461.55078125,35555.75,173800
2022-03-17,36428.12890625,36428.55078125,36611.94921875,36261.6484375,36302.0,182000
2022-03-21,36018.08203125,36018.5,36600.19921875,35900.19921875,36545.8515625,128700
2022-03-22,36348.12890625,36348.55078125,36468.80078125,35384.75,35975.6015625,202900
2022-03-23,36146.9296875,36147.3515625,36827.6015625,36064.75,36627.69921875,197900
2022-03-24,35526.6875,35527.1015625,35957.69921875,35421.69921875,35633.69921875,205200
2022-03-25,35409.69140625,35410.1015625,35717.3984375,35203.8515625,35700.3984375,157000
2022-03-28,35710.0859375,35710.5,35770.80078125,35016.30078125,35488.69921875,197000
2022-03-29,35846.98046875,35847.3984375,35977.19921875,35506.55078125,35931.75,177100
2022-03-30,36333.87890625,36334.30078125,36421.1015625,36070.55078125,36241.55078125,325600
2022-03-31,36373.1796875,36373.6015625,36590.8515625,36278.1484375,36457.19921875,188100
2022-04-01,37148.06640625,37148.5,37209.80078125,36242.3515625,36298.3515625,245700
2022-04-04,38634.75,38635.19921875,38765.8515625,37665.55078125,37824.94921875,309200
2022-04-05,38067.45703125,38067.8984375,38759.25,37935.94921875,38731.30078125,220600
2022-04-06,37632.36328125,37632.80078125,37868.5,37513.8515625,37711.30078125,198800
2022-04-07,37556.9140625,37557.3515625,37975.8984375,37346.80078125,37421.75,245000
2022-04-08,37751.61328125,37752.05078125,37884.19921875,37405.19921875,37619.69921875,202200
2022-04-11,37613.36328125,37613.80078125,37941.75,37524.44921875,37591.75,132100
2022-04-12,37746.9609375,37747.3984375,37920.6015625,37264.44921875,37407.3984375,171000
2022-04-13,37462.96484375,37463.3984375,37988.6015625,37408.19921875,37887.30078125,143300
2022-04-18,36728.57421875,36729.0,36965.8515625,36441.3515625,36833.1484375,182900
2022-04-19,36341.1796875,36341.6015625,37123.55078125,35926.30078125,36806.80078125,216300
2022-04-20,36314.4765625,36314.8984375,36513.8515625,36114.05078125,36482.6015625,153400
2022-04-21,36815.671875,36816.1015625,36913.3515625,36395.69921875,36513.1015625,132700
2022-04-22,36044.33203125,36044.75,36578.94921875,35991.5,36514.1484375,140100
2022-04-25,36081.93359375,36082.3515625,36270.1484375,35511.3984375,35792.3515625,183100
2022-04-26,36404.37890625,36404.80078125,36604.55078125,36265.8984375,36515.3515625,143400
2022-04-27,36028.43359375,36028.8515625,36175.8984375,35747.1484375,36067.55078125,134200
2022-04-28,36421.77734375,36422.19921875,36501.1015625,35951.1015625,36189.94921875,137300
2022-04-29,36087.73046875,36088.1484375,36718.80078125,35978.94921875,36474.05078125,172700
2022-05-02,36163.328125,36163.75,36235.25,35618.19921875,35627.6015625,170200
2022-05-04,35264.140625,35264.55078125,36309.30078125,35127.8515625,36266.1484375,214600
2022-05-05,35232.44140625,35232.8515625,35934.8515625,35133.80078125,35705.3515625,167300
2022-05-06,34590.796875,34591.19921875,34797.94921875,34353.19921875,34569.1015625,199200
2022-05-09,34275.0,34275.3984375,34554.3515625,33927.19921875,34091.75,179900
2022-05-10,34482.24609375,34482.6484375,34781.80078125,34176.80078125,34181.19921875,138000
2022-05-11,34692.74609375,34693.1484375,34793.19921875,34143.19921875,34686.30078125,179500
2022-05-12,33531.7578125,33532.1484375,34341.19921875,33297.6484375,34289.1015625,382100
2022-05-13,33120.96484375,33121.3515625,34002.19921875,33007.8984375,33925.94921875,272700
2022-05-16,33597.2109375,33597.6015625,33821.6484375,33001.75,33256.0,195100
2022-05-17,34301.5,34301.8984375,34366.05078125,33680.6015625,33796.19921875,161500
2022-05-18,34163.30078125,34163.69921875,34655.80078125,34134.69921875,34448.19921875,146800
2022-05-19,33315.26171875,33315.6484375,33633.94921875,33180.6015625,33461.0,150400
2022-05-20,34276.0,34276.3984375,34358.05078125,33658.05078125,33765.1484375,129400
2022-05-23,34247.203125,34247.6015625,34819.94921875,34117.3515625,34321.3984375,156000
2022-05-24,34289.75,34290.1484375,34586.44921875,34115.80078125,34223.19921875,163700
2022-05-25,34339.1015625,34339.5,34722.6015625,34285.80078125,34491.80078125,153600
2022-05-26,35094.4921875,35094.8984375,35222.05078125,34424.75,34670.6015625,191500
2022-05-27,35612.88671875,35613.30078125,35694.8515625,35291.94921875,35326.6015625,132600
2022-05-30,35826.53125,35826.94921875,36083.69921875,35748.44921875,35958.80078125,127000
2022-05-31,35486.984375,35487.3984375,35881.94921875,35288.94921875,35615.30078125,149300
2022-06-01,35620.38671875,35620.80078125,35768.69921875,35285.44921875,35358.94921875,100800
2022-06-02,35613.234375,35613.6484375,35676.19921875,35385.0,35470.94921875,140700
2022-06-03,35274.640625,35275.05078125,35958.44921875,35175.1015625,35929.55078125,104800
2022-06-06,35309.7890625,35310.19921875,35424.5,35072.30078125,35159.1484375,100800
2022-06-07,34995.59375,34996.0,35154.30078125,34834.3984375,35080.80078125,91600
2022-06-08,34945.7421875,34946.1484375,35449.8984375,34831.75,35165.6484375,124600
2022-06-09,35085.04296875,35085.44921875,35149.1015625,34659.1015625,34802.25,100900
2022-06-10,34483.3984375,34483.80078125,34752.44921875,34346.6484375,34686.94921875,90000
2022-06-13,33405.46484375,33405.8515625,33774.05078125,33210.3515625,33728.6484375,131900
2022-06-14,33310.96484375,33311.3515625,33618.1484375,33123.8984375,33180.6015625,113200
2022-06-15,33338.61328125,33339.0,33554.55078125,33249.55078125,33317.80078125,90800
2022-06-16,32616.720703125,32617.099609375,33756.5,32537.94921875,33648.80078125,129500
2022-06-17,32742.669921875,32743.05078125,32889.80078125,32290.55078125,32393.44921875,139800
2022-06-20,32684.419921875,32684.80078125,32926.1015625,32426.400390625,32873.3984375,144400
2022-06-21,33191.36328125,33191.75,33593.80078125,32797.55078125,32978.05078125,258100
2022-06-22,32844.91796875,32845.30078125,33106.94921875,32758.150390625,33051.6484375,135000
2022-06-23,33134.61328125,33135.0,33431.75,32652.150390625,32927.3984375,193100
2022-06-24,33627.05859375,33627.44921875,33721.8984375,33390.8515625,33434.80078125,149800
2022-06-27,33810.85546875,33811.25,34147.5,33735.5,34126.19921875,111400
2022-06-28,33642.05859375,33642.44921875,33745.30078125,33503.30078125,33578.19921875,125000
2022-06-29,33269.51171875,33269.8984375,33422.80078125,33185.25,33273.55078125,140800
2022-06-30,33424.71484375,33425.1015625,33659.30078125,33179.6015625,33180.69921875,149500
2022-07-01,33539.05859375,33539.44921875,33666.5,33080.44921875,33264.75,149900
2022-07-04,33940.50390625,33940.8984375,33978.5,33515.6015625,33558.8515625,152600
2022-07-05,33815.50390625,33815.8984375,34361.05078125,33757.0,34084.69921875,115000
2022-07-06,34323.8515625,34324.25,34388.5,33876.1484375,33929.3984375,122700
2022-07-07,34919.89453125,34920.30078125,34965.75,34553.1015625,34627.3984375,184000
2022-07-08,35123.640625,35124.05078125,35262.1015625,34977.75,35258.8984375,109000
2022-07-11,35469.234375,35469.6484375,35543.1015625,35006.55078125,35017.6015625,130600
2022-07-12,35131.83984375,35132.25,35419.6484375,35047.5,35298.69921875,113400
2022-07-13,34827.39453125,34827.80078125,35308.1484375,34757.6015625,35259.80078125,103400
2022-07-14,34650.796875,34651.19921875,35027.6015625,34558.44921875,34817.94921875,121300
2022-07-15,34682.24609375,34682.6484375,34899.94921875,34463.8984375,34734.44921875,99100
2022-07-18,35358.2890625,35358.69921875,35382.5,34804.3984375,34841.8515625,146600
2022-07-19,35719.9375,35720.3515625,35761.6484375,35110.5,35113.25,183400
2022-07-20,35971.68359375,35972.1015625,36182.69921875,35876.55078125,36061.30078125,173400
2022-07-21,36200.578125,36201.0,36331.69921875,35887.3515625,36026.55078125,153800
2022-07-22,36738.5234375,36738.94921875,36823.44921875,36286.3515625,36322.8984375,143600
2022-07-25,36725.97265625,36726.3984375,37011.19921875,36464.6484375,36766.69921875,139700
2022-07-26,36408.078125,36408.5,36695.75,36334.1015625,36688.55078125,114000
2022-07-27,36783.32421875,36783.75,36808.30078125,36248.6015625,36370.55078125,113100
2022-07-28,37377.71484375,37378.1484375,37414.3984375,37028.5,37102.44921875,172500
2022-07-29,37490.9609375,37491.3984375,37754.6484375,37221.1484375,37717.30078125,166900
2022-08-01,37902.7578125,37903.19921875,37939.6015625,37407.19921875,37594.1484375,346400
2022-08-02,38023.55859375,38024.0,38179.8515625,37632.30078125,37767.69921875,317300
2022-08-03,37988.80859375,37989.25,38068.6015625,37692.94921875,37954.55078125,200300
2022-08-04,37755.11328125,37755.55078125,38231.8515625,37249.5,38111.05078125,186300
2022-08-05,37920.16015625,37920.6015625,38150.44921875,37779.8984375,37868.25,175900
2022-08-08,38236.953125,38237.3984375,38302.3515625,37681.44921875,37847.3515625,174100
2022-08-10,38287.40625,38287.8515625,38402.94921875,38155.30078125,38298.8515625,163900
2022-08-11,38879.3984375,38879.8515625,38932.1015625,38648.8984375,38712.94921875,200900
2022-08-12,39041.84765625,39042.30078125,39088.8984375,38739.94921875,38942.44921875,125300
2022-08-16,39239.19140625,39239.6484375,39444.6015625,39119.8984375,39284.1015625,0
2022-08-17,39461.2421875,39461.69921875,39504.5,39202.80078125,39351.30078125,169800
2022-08-18,39655.6875,39656.1484375,39703.69921875,39291.1484375,39324.3984375,137200
2022-08-19,38985.49609375,38985.94921875,39759.1484375,38848.3984375,39732.6484375,148100
2022-08-22,38297.3046875,38297.75,38732.8515625,38247.25,38693.6484375,124300
2022-08-23,38697.19921875,38697.6484375,38869.8984375,37950.8515625,37955.44921875,176400
2022-08-24,39038.046875,39038.5,39120.80078125,38552.19921875,38552.69921875,214900
2022-08-25,38950.296875,38950.75,39471.75,38803.69921875,39190.05078125,333400
2022-08-26,38986.6953125,38987.1484375,39337.1015625,38846.80078125,39129.6484375,196300
2022-08-29,38276.25390625,38276.69921875,38397.1015625,37943.8515625,38111.6015625,158000
2022-08-30,39536.2890625,39536.75,39606.55078125,38472.69921875,38516.94921875,176800
2022-09-01,39300.79296875,39301.25,39667.6484375,38803.30078125,38806.69921875,191200
2022-09-02,39420.54296875,39421.0,39595.8515625,39200.44921875,39422.30078125,133900
2022-09-05,39805.2890625,39805.75,39865.19921875,39407.3984375,39412.05078125,214100
2022-09-06,39666.0390625,39666.5,40073.75,39564.30078125,39892.94921875,210200
2022-09-07,39455.44140625,39455.8984375,39572.05078125,39258.25,39337.75,138900
2022-09-08,40208.48046875,40208.94921875,40265.75,39706.3984375,39763.8984375,203800
2022-09-09,40415.23046875,40415.69921875,40685.94921875,40280.30078125,40520.75,207000
2022-09-12,40573.52734375,40574.0,40684.8984375,40377.8984375,40540.44921875,147000
2022-09-13,40872.625,40873.1015625,40904.30078125,40693.94921875,40802.1015625,176400
2022-09-14,41404.91796875,41405.3984375,41626.8984375,40288.8984375,40308.80078125,218400
2022-09-15,41208.71875,41209.19921875,41840.1484375,41153.5,41533.69921875,245300
2022-09-16,40776.328125,40776.80078125,41162.5,40502.05078125,40977.19921875,244200
2022-09-19,40903.921875,40904.3984375,41184.25,40509.8984375,40685.6015625,206000
2022-09-20,41467.8203125,41468.30078125,41677.6484375,41207.30078125,41304.1484375,175200
2022-09-21,41202.96875,41203.44921875,41501.69921875,40889.1484375,41282.6015625,151300
2022-09-22,40630.12890625,40630.6015625,41159.19921875,40360.19921875,40889.05078125,209500
2022-09-23,39545.7890625,39546.25,40528.3984375,39412.69921875,40429.3515625,226200
2022-09-26,38615.80078125,38616.25,39229.3984375,38492.19921875,39027.8515625,241800
2022-09-27,38358.703125,38359.1484375,39050.5,38184.8984375,38811.69921875,168700
2022-09-28,37759.4140625,37759.8515625,38368.80078125,37626.19921875,38081.25,210600
2022-09-29,37647.3125,37647.75,38283.3984375,37536.6484375,38092.8515625,253000
2022-09-30,38631.5,38631.94921875,38811.0,37386.3515625,37660.0,246100
2022-10-03,38029.20703125,38029.6484375,38641.6015625,37963.25,38444.8984375,172900
2022-10-04,39109.59765625,39110.05078125,39177.5,38596.8984375,38700.3984375,241100
2022-10-06,39282.39453125,39282.8515625,39608.3515625,39232.8984375,39343.69921875,158800
2022-10-07,39177.59375,39178.05078125,39235.05078125,38807.5,39093.5,165000
2022-10-10,39092.6484375,39093.1015625,39315.69921875,38518.30078125,38641.55078125,159700
2022-10-11,38712.0,38712.44921875,39174.94921875,38622.75,39058.8515625,177600
2022-10-12,39118.09765625,39118.55078125,39164.1015625,38606.3984375,38784.19921875,195800
2022-10-13,38623.55078125,38624.0,39061.30078125,38437.94921875,38957.6484375,158900
2022-10-14,39305.14453125,39305.6015625,39570.8515625,39196.30078125,39446.05078125,185600
2022-10-17,39919.984375,39920.44921875,39974.69921875,39146.69921875,39295.6015625,201600
2022-10-18,40318.28125,40318.75,40435.3515625,40139.8515625,40252.05078125,245200
2022-10-19,40372.73046875,40373.19921875,40643.6015625,40195.19921875,40556.6484375,232900
2022-10-20,40099.0859375,40099.55078125,40208.3515625,39848.8515625,40149.5,262800
2022-10-21,40783.578125,40784.05078125,41032.25,40355.44921875,40370.75,324200
2022-10-24,41304.41796875,41304.8984375,41427.25,41201.1484375,41348.3515625,74300
2022-10-25,41122.2734375,41122.75,41530.6484375,41021.44921875,41513.6484375,351800
2022-10-27,41298.8203125,41299.30078125,41511.80078125,41178.6484375,41440.69921875,239400
2022-10-28,40990.375,40990.8515625,41482.3984375,40839.30078125,41236.80078125,237100
2022-10-31,41307.41796875,41307.8984375,41353.69921875,41106.1015625,41265.69921875,237200
2022-11-01,41289.0703125,41289.55078125,41677.25,41188.55078125,41552.3984375,304400
2022-11-02,41146.171875,41146.6484375,41474.30078125,41060.44921875,41472.6015625,175800
2022-11-03,41297.87109375,41298.3515625,41478.0,40819.1484375,40873.69921875,263600
2022-11-04,41257.96875,41258.44921875,41516.19921875,41051.1484375,41314.8515625,190400
2022-11-07,41686.21484375,41686.69921875,41779.3984375,41337.05078125,41740.6484375,393400
2022-11-09,41782.71484375,41783.19921875,41948.8984375,41667.8984375,41914.8515625,490500
2022-11-10,41603.265625,41603.75,41643.8984375,41318.6015625,41462.8515625,253400
2022-11-11,42136.5625,42137.05078125,42345.5,41918.1015625,42163.3984375,255400
2022-11-14,42076.26171875,42076.75,42231.44921875,41965.44921875,42177.55078125,142700
2022-11-15,42372.20703125,42372.69921875,42450.05078125,42079.55078125,42234.8515625,139400
2022-11-16,42534.8046875,42535.30078125,42611.75,42296.30078125,42371.80078125,185400
2022-11-17,42457.55859375,42458.05078125,42622.75,42366.55078125,42399.6484375,165400
2022-11-18,42436.95703125,42437.44921875,42590.75,42223.69921875,42545.75,280100
2022-11-21,42346.05859375,42346.55078125,42386.80078125,42202.55078125,42286.94921875,259100
2022-11-22,42456.55859375,42457.05078125,42508.75,42347.1484375,42467.3984375,216300
2022-11-23,42728.60546875,42729.1015625,42860.55078125,42556.3984375,42668.55078125,359100
2022-11-24,43074.8984375,43075.3984375,43163.3984375,42769.6484375,42838.3515625,204900
2022-11-25,42983.44921875,42983.94921875,43339.1484375,42864.94921875,43192.44921875,502800
2022-11-28,43019.94921875,43020.44921875,43159.80078125,42740.0,42757.19921875,238700
2022-11-29,43052.94921875,43053.44921875,43279.6015625,42959.3984375,42959.3984375,223000
2022-11-30,43230.49609375,43231.0,43332.30078125,42880.05078125,43122.75,202000
2022-12-01,43260.14453125,43260.6484375,43515.05078125,43101.8515625,43512.1015625,268400
2022-12-02,43103.25,43103.75,43131.8984375,42937.80078125,42976.69921875,212800
2022-12-05,43332.4453125,43332.94921875,43372.1484375,42985.0,43269.3515625,242600
2022-12-06,43138.05078125,43138.55078125,43306.8515625,43076.3984375,43093.8984375,379200
2022-12-07,43098.19921875,43098.69921875,43327.3515625,42948.44921875,43157.3515625,242900
2022-12-08,43596.34375,43596.8515625,43640.8984375,43095.30078125,43142.25,355700
2022-12-09,43632.94140625,43633.44921875,43853.3984375,43361.69921875,43765.30078125,443500
2022-12-12,43708.2421875,43708.75,43767.05078125,43378.80078125,43455.8515625,234200
2022-12-13,43946.0390625,43946.55078125,43983.80078125,43767.75,43793.69921875,277000
2022-12-14,44048.58984375,44049.1015625,44151.80078125,43987.94921875,44078.6015625,349200
2022-12-15,43497.6953125,43498.19921875,44120.6015625,43379.1015625,43940.1015625,421900
2022-12-16,43218.99609375,43219.5,43598.19921875,43080.55078125,43261.75,275200
2022-12-19,43413.24609375,43413.75,43451.44921875,43110.30078125,43346.3515625,175600
2022-12-20,43358.99609375,43359.5,43426.19921875,42955.3984375,43152.6484375,182300
2022-12-21,42617.453125,42617.94921875,43614.6484375,42363.80078125,43525.75,279400
2022-12-22,42408.30859375,42408.80078125,42933.5,42231.3515625,42864.0,344800
2022-12-23,41667.56640625,41668.05078125,42226.6484375,41597.6484375,41951.3515625,332600
2022-12-26,42629.65234375,42630.1484375,42846.1484375,41569.44921875,41716.3515625,323200
2022-12-27,42859.0,42859.5,42927.19921875,42394.1484375,42827.75,229600
2022-12-28,42827.203125,42827.69921875,43034.94921875,42694.8515625,42733.6015625,230500
2022-12-29,43251.84765625,43252.3515625,43498.05078125,42489.80078125,42684.8984375,308300
2022-12-30,42985.94921875,42986.44921875,43422.94921875,42833.1015625,43401.69921875,258700
2023-01-02,43203.1015625,43203.1015625,43382.75,42961.75,43038.25,1798102100
2023-01-03,43425.25,43425.25,43482.80078125,43148.44921875,43151.44921875,197000
2023-01-04,42958.80078125,42958.80078125,43578.3984375,42858.6484375,43417.5,216800
2023-01-05,42608.69921875,42608.69921875,43137.55078125,42298.6015625,43073.05078125,189100
2023-01-06,42188.80078125,42188.80078125,42685.8984375,41877.0,42649.69921875,195100
2023-01-09,42582.75,42582.75,42716.80078125,42186.55078125,42404.8515625,161800
2023-01-10,42014.75,42014.75,42674.25,41835.75,42642.0,179300
2023-01-11,42232.69921875,42232.69921875,42318.0,41729.0,42071.8515625,169800
2023-01-12,42082.25,42082.25,42343.5,41742.94921875,42238.5,154100
2023-01-13,42371.25,42371.25,42453.94921875,41885.6015625,42171.25,205500
2023-01-16,42167.55078125,42167.55078125,42715.6484375,42066.55078125,42622.5,312300
2023-01-17,42235.05078125,42235.05078125,42383.80078125,41861.1015625,42241.19921875,256300
2023-01-18,42458.0,42458.0,42555.8984375,42119.6484375,42271.80078125,170500
2023-01-19,42328.8515625,42328.8515625,42506.25,42234.8984375,42416.30078125,143400
2023-01-20,42506.80078125,42506.80078125,42709.19921875,42366.1484375,42516.05078125,159100
2023-01-23,42821.25,42821.25,43005.8515625,42727.69921875,42891.44921875,203600
2023-01-24,42733.44921875,42733.44921875,43078.8984375,42615.6484375,42994.44921875,159500
2023-01-25,41647.6484375,41647.6484375,42733.05078125,41540.30078125,42703.6015625,244700
2023-01-27,40345.30078125,40345.30078125,41417.8984375,40148.80078125,41382.3515625,350800
2023-01-30,40387.44921875,40387.44921875,40789.55078125,39419.80078125,39856.1484375,369900
2023-01-31,40655.05078125,40655.05078125,40811.6484375,40167.69921875,40563.8515625,289900
2023-02-01,40513.0,40513.0,42015.6484375,39490.5,41115.0,400100
2023-02-02,40669.30078125,40669.30078125,40757.6015625,39761.44921875,39943.3515625,348500
2023-02-03,41499.69921875,41499.69921875,41539.94921875,40609.75,41019.3515625,308800
2023-02-06,41374.6484375,41374.6484375,41724.5,41261.19921875,41530.1484375,197800
2023-02-07,41490.94921875,41490.94921875,41630.75,41095.1015625,41513.1015625,171900
2023-02-08,41537.6484375,41537.6484375,41791.94921875,41403.05078125,41542.05078125,136500
2023-02-09,41554.30078125,41554.30078125,41634.0,41252.94921875,41634.0,142900
2023-02-10,41559.3984375,41559.3984375,41678.8984375,41424.8984375,41452.3984375,155000
2023-02-13,41282.19921875,41282.19921875,41662.55078125,41157.8984375,41563.5,147000
2023-02-14,41648.3515625,41648.3515625,41718.0,41195.75,41410.44921875,143100
2023-02-15,41731.05078125,41731.05078125,41795.44921875,41455.6015625,41674.6015625,116300
2023-02-16,41631.3515625,41631.3515625,41979.1015625,41521.94921875,41925.69921875,111700
2023-02-17,41131.75,41131.75,41516.30078125,40882.69921875,41514.0,138800
2023-02-20,40701.69921875,40701.69921875,41292.6015625,40580.1015625,41221.55078125,143700
2023-02-21,40673.6015625,40673.6015625,40946.19921875,40508.25,40784.8984375,170200
2023-02-22,39995.8984375,39995.8984375,40529.25,39899.0,40494.1484375,155200
2023-02-23,40001.55078125,40001.55078125,40147.80078125,39600.25,39983.69921875,200500
2023-02-24,39909.3984375,39909.3984375,40348.1015625,39818.8984375,40259.1015625,144600
2023-02-27,40307.1015625,40307.1015625,40371.44921875,39745.3984375,39820.3984375,165200
2023-02-28,40269.05078125,40269.05078125,40391.44921875,40073.0,40302.69921875,327800
2023-03-01,40698.1484375,40698.1484375,40725.3515625,40341.94921875,40473.8515625,169800
2023-03-02,40389.80078125,40389.80078125,40773.25,40312.8984375,40604.55078125,149200
2023-03-03,41251.3515625,41251.3515625,41390.1484375,40605.3515625,40671.3984375,213800
2023-03-06,41350.3984375,41350.3984375,41671.19921875,41259.1484375,41418.3984375,180200
2023-03-08,41577.1015625,41577.1015625,41625.3515625,41100.3515625,41178.3515625,157600
2023-03-09,41256.75,41256.75,41659.0,41208.1015625,41532.6484375,119200
2023-03-10,40485.44921875,40485.44921875,40839.0,40341.69921875,40805.25,145300
2023-03-13,39564.69921875,39564.69921875,40690.05078125,39454.6015625,40356.1015625,174500
2023-03-14,39411.3984375,39411.3984375,39768.5,39132.6015625,39522.3984375,205700
2023-03-15,39051.5,39051.5,39914.1015625,38934.6484375,39777.8984375,164300
2023-03-16,39132.6015625,39132.6015625,39381.3984375,38613.1484375,39061.69921875,196300
2023-03-17,39598.1015625,39598.1015625,39705.1484375,38926.80078125,39442.3984375,173400
2023-03-20,39361.94921875,39361.94921875,39512.1015625,38941.8984375,39512.1015625,173800
2023-03-21,39894.69921875,39894.69921875,39970.8984375,39366.30078125,39599.6484375,187900
2023-03-22,39999.05078125,39999.05078125,40085.6015625,39837.80078125,40036.0,0
2023-03-23,39616.8984375,39616.8984375,40201.6015625,39552.5,39836.1484375,153200
2023-03-24,39395.3515625,39395.3515625,39767.8984375,39294.8984375,39555.25,166100
2023-03-27,39431.30078125,39431.30078125,39695.19921875,39273.75,39484.69921875,194200
2023-03-28,39567.8984375,39567.8984375,39645.19921875,39326.1015625,39545.05078125,202300
2023-03-29,39910.1484375,39910.1484375,40055.0,39609.55078125,39611.55078125,259600
2023-03-31,40608.6484375,40608.6484375,40690.3984375,40180.19921875,40231.25,188000
2023-04-03,40813.05078125,40813.05078125,40857.6015625,40535.8984375,40695.80078125,167500
2023-04-05,40999.1484375,40999.1484375,41071.1484375,40802.6484375,40972.30078125,177400
2023-04-06,41041.0,41041.0,41274.69921875,40820.55078125,40940.69921875,196500
2023-04-10,40834.6484375,40834.6484375,41139.8515625,40727.25,41116.1484375,153900
2023-04-11,41366.5,41366.5,41403.25,40990.19921875,41232.0,219200
2023-04-12,41557.94921875,41557.94921875,41610.1484375,41332.0,41426.0,143000
2023-04-13,42132.55078125,42132.55078125,42196.19921875,41502.6484375,41680.1015625,232600
2023-04-17,42262.55078125,42262.55078125,42603.55078125,41799.0,42603.55078125,229100
2023-04-18,42265.19921875,42265.19921875,42500.69921875,42114.3515625,42406.94921875,214200
2023-04-19,42154.0,42154.0,42339.8984375,42022.1484375,42280.1015625,170000
2023-04-20,42269.5,42269.5,42378.1484375,42108.8515625,42218.5,180200
2023-04-21,42118.0,42118.0,42382.1484375,41962.3515625,42252.55078125,144100
2023-04-24,42635.75,42635.75,42714.1484375,42269.1015625,42469.94921875,201000
2023-04-25,42678.5,42678.5,42865.55078125,42601.5,42731.6015625,262400
2023-04-26,42829.8984375,42829.8984375,42875.6015625,42432.25,42559.05078125,178000
2023-04-27,43000.8515625,43000.8515625,43043.3984375,42736.6015625,42753.8984375,181400
2023-04-28,43233.8984375,43233.8984375,43302.05078125,42810.3515625,43045.5,238700
2023-05-02,43352.1015625,43352.1015625,43483.8515625,43269.3984375,43395.05078125,241600
2023-05-03,43312.69921875,43312.69921875,43354.94921875,43078.1484375,43154.8515625,175900
2023-05-04,43685.44921875,43685.44921875,43739.80078125,43213.94921875,43236.1015625,175400
2023-05-05,42661.19921875,42661.19921875,43588.0,42582.19921875,43110.6484375,251200
2023-05-08,43284.0,43284.0,43418.55078125,42780.30078125,42796.8515625,223400
2023-05-09,43198.1484375,43198.1484375,43533.25,43125.8515625,43438.55078125,229000
2023-05-10,43331.05078125,43331.05078125,43383.6484375,42822.1484375,43275.25,249100
2023-05-11,43475.30078125,43475.30078125,43774.25,43367.25,43535.1015625,190700
2023-05-12,43793.55078125,43793.55078125,43905.94921875,43347.75,43447.1484375,144900
2023-05-15,44072.1015625,44072.1015625,44151.69921875,43666.6015625,43821.05078125,161300
2023-05-16,43903.69921875,43903.69921875,44144.1484375,43815.69921875,44144.1484375,222500
2023-05-17,43698.69921875,43698.69921875,43992.75,43446.3984375,43948.5,203600
2023-05-18,43752.30078125,43752.30078125,44079.19921875,43673.69921875,44006.8984375,226500
2023-05-19,43969.3984375,43969.3984375,44020.8984375,43531.8984375,43930.0,192000
2023-05-22,43885.1015625,43885.1015625,44026.75,43684.8984375,43935.30078125,183800
2023-05-23,43954.44921875,43954.44921875,44095.25,43852.19921875,43978.8984375,142000
2023-05-24,43677.8515625,43677.8515625,44010.44921875,43639.80078125,43751.94921875,148600
2023-05-25,43681.3984375,43681.3984375,43719.8515625,43390.30078125,43630.25,170200
2023-05-26,44018.0,44018.0,44067.6015625,43588.80078125,43765.3515625,143200
2023-05-29,44311.8984375,44311.8984375,44483.3515625,44193.94921875,44276.80078125,148600
2023-05-30,44436.3515625,44436.3515625,44498.6015625,44207.5,44277.3515625,157600
2023-05-31,44128.1484375,44128.1484375,44339.05078125,43822.69921875,44318.0,305700
2023-06-01,43790.19921875,43790.19921875,44179.94921875,43706.1484375,44172.05078125,182900
2023-06-02,43937.8515625,43937.8515625,44088.8984375,43812.55078125,43997.30078125,123900
2023-06-05,44101.6484375,44101.6484375,44266.1484375,44074.19921875,44103.25,124500
2023-06-06,44164.55078125,44164.55078125,44236.19921875,44009.69921875,44156.69921875,123600
2023-06-07,44275.30078125,44275.30078125,44346.30078125,44143.5,44318.69921875,119200
2023-06-08,43995.25,43995.25,44459.25,43917.8984375,44208.30078125,160200
2023-06-09,43989.0,43989.0,44220.1015625,43932.6015625,44045.75,132300
2023-06-12,43944.19921875,43944.19921875,44124.94921875,43874.05078125,44035.19921875,91400
2023-06-13,44079.8515625,44079.8515625,44138.1484375,43889.69921875,43889.69921875,160000
2023-06-14,43988.0,43988.0,44212.3515625,43956.1484375,44181.6484375,154600
2023-06-15,43443.6015625,43443.6015625,44077.44921875,43397.5,44054.3515625,228200
2023-06-16,43938.1484375,43938.1484375,44083.25,43536.94921875,43583.3515625,234700
2023-06-19,43633.75,43633.75,44040.3515625,43501.3984375,44015.30078125,234900
2023-06-20,43766.5,43766.5,43823.94921875,43345.94921875,43597.55078125,161900
2023-06-21,43859.19921875,43859.19921875,43946.69921875,43698.94921875,43894.3984375,180000
2023-06-22,43724.8515625,43724.8515625,44042.1484375,43663.3515625,43874.80078125,263800
2023-06-23,43622.8984375,43622.8984375,43824.1015625,43519.55078125,43641.6015625,161300
2023-06-26,43641.05078125,43641.05078125,43773.1015625,43541.75,43714.75,120700
2023-06-27,44121.5,44121.5,44194.6484375,43693.1484375,43804.55078125,137300
2023-06-28,44327.80078125,44327.80078125,44508.3984375,44163.19921875,44419.5,243800
2023-06-30,44747.3515625,44747.3515625,44787.1015625,44447.19921875,44666.0,191300
2023-07-03,45158.1015625,45158.1015625,45353.19921875,44882.1015625,44957.94921875,228200
2023-07-04,45301.44921875,45301.44921875,45655.5,45000.25,45310.55078125,463000
2023-07-05,45151.80078125,45151.80078125,45418.8984375,45073.3984375,45169.69921875,366300
2023-07-06,45339.8984375,45339.8984375,45417.5,45042.6015625,45060.55078125,244900
2023-07-07,44925.0,44925.0,45227.25,44844.80078125,45118.05078125,220900
2023-07-10,44860.8515625,44860.8515625,45184.30078125,44721.8984375,44958.6484375,220900
2023-07-11,44745.05078125,44745.05078125,45139.55078125,44663.05078125,44998.0,209000
2023-07-12,44639.44921875,44639.44921875,44937.25,44562.3984375,44872.6015625,233100
2023-07-13,44665.05078125,44665.05078125,45085.1484375,44612.19921875,45009.30078125,336800
2023-07-14,44819.30078125,44819.30078125,44923.8515625,44547.80078125,44860.6484375,196300
2023-07-17,45449.75,45449.75,45556.44921875,44695.05078125,44951.19921875,245900
2023-07-18,45410.8515625,45410.8515625,45905.8515625,45281.30078125,45754.80078125,307300
2023-07-19,45669.30078125,45669.30078125,45707.3984375,45433.0,45622.5,261100
2023-07-20,46186.8984375,46186.8984375,46256.19921875,45640.94921875,45689.05078125,315200
2023-07-21,46075.19921875,46075.19921875,46369.5,45925.8984375,46063.94921875,235600
2023-07-24,45923.05078125,45923.05078125,46191.5,45858.75,46131.8984375,225800
2023-07-25,45845.0,45845.0,46156.1015625,45622.8515625,46154.69921875,228100
2023-07-26,46062.3515625,46062.3515625,46096.6015625,45804.69921875,45935.1484375,298400
2023-07-27,45679.30078125,45679.30078125,46310.1015625,45570.6484375,46285.8515625,320400
2023-07-28,45468.1015625,45468.1015625,45727.75,45238.80078125,45560.8984375,194700
2023-07-31,45651.1015625,45651.1015625,45694.8984375,45359.75,45546.3515625,247900
2023-08-01,45592.5,45592.5,45782.75,45471.05078125,45740.0,175200
2023-08-02,44995.69921875,44995.69921875,45404.8984375,44720.8984375,45234.6484375,233600
2023-08-03,44513.44921875,44513.44921875,45038.44921875,44279.3984375,44862.8515625,245800
2023-08-04,44879.5,44879.5,45118.05078125,44520.55078125,44754.75,245200
2023-08-07,44837.5,44837.5,45011.3515625,44773.8515625,44993.69921875,200800
2023-08-08,44964.44921875,44964.44921875,45096.8515625,44817.8515625,44888.94921875,229400
2023-08-09,44880.69921875,44880.69921875,44975.0,44533.75,44973.44921875,177300
2023-08-10,44541.80078125,44541.80078125,44980.3515625,44418.3984375,44797.6484375,232000
2023-08-11,44199.1015625,44199.1015625,44571.25,44120.8984375,44568.1484375,196900
2023-08-14,44090.94921875,44090.94921875,44212.75,43776.8984375,44066.6015625,172300
2023-08-16,43946.3984375,43946.3984375,44002.80078125,43600.3515625,43726.25,0
2023-08-17,43891.3515625,43891.3515625,44071.8515625,43745.1015625,43897.25,266400
2023-08-18,43851.05078125,43851.05078125,43957.6484375,43672.44921875,43724.75,167600
2023-08-21,44002.0,44002.0,44113.80078125,43862.0,43952.8515625,126300
2023-08-22,43993.25,43993.25,44151.30078125,43938.69921875,44125.0,160700
2023-08-23,44479.05078125,44479.05078125,44521.6484375,43952.05078125,44064.5,212400
2023-08-24,44496.19921875,44496.19921875,44949.8984375,44433.75,44704.19921875,220400
2023-08-25,44231.44921875,44231.44921875,44359.1015625,43983.75,44276.19921875,152500
2023-08-28,44494.6484375,44494.6484375,44610.3984375,44201.44921875,44253.6484375,163000
2023-08-29,44495.25,44495.25,44673.0,44429.80078125,44655.75,140300
2023-08-30,44232.6015625,44232.6015625,44779.6484375,44149.80078125,44706.55078125,153100
2023-08-31,43989.1484375,43989.1484375,44399.6484375,43895.05078125,44265.8515625,705100
2023-09-01,44436.1015625,44436.1015625,44568.55078125,43830.75,43996.1015625,320800
2023-09-04,44578.30078125,44578.30078125,44656.05078125,44310.94921875,44647.6484375,238600
2023-09-05,44532.1484375,44532.1484375,44668.69921875,44401.69921875,44625.05078125,225500
2023-09-06,44409.1015625,44409.1015625,44577.0,44207.25,44494.6484375,252000
2023-09-07,44878.3515625,44878.3515625,44915.55078125,44341.19921875,44418.05078125,169100
2023-09-08,45156.3984375,45156.3984375,45383.3515625,44812.1484375,44953.6484375,179100
2023-09-11,45570.69921875,45570.69921875,45636.19921875,45231.30078125,45340.80078125,228100
2023-09-12,45511.3515625,45511.3515625,45893.80078125,45322.55078125,45893.80078125,271400
2023-09-13,45909.44921875,45909.44921875,45990.5,45299.3984375,45449.3515625,441700
2023-09-14,46000.8515625,46000.8515625,46153.8984375,45801.5,46013.30078125,238600
2023-09-15,46231.5,46231.5,46310.3984375,46028.75,46122.1484375,278400
2023-09-18,45979.8515625,45979.8515625,46252.94921875,45906.8984375,46100.94921875,348800
2023-09-20,45384.6015625,45384.6015625,45745.1484375,45276.3984375,45493.69921875,334000
2023-09-21,44623.8515625,44623.8515625,45276.80078125,44592.44921875,45179.6015625,257700
2023-09-22,44612.05078125,44612.05078125,44996.75,44548.8984375,44707.3515625,249400
2023-09-25,44766.1015625,44766.1015625,44936.55078125,44400.8984375,44615.0,266500
2023-09-26,44624.19921875,44624.19921875,44773.80078125,44532.44921875,44722.5,188500
2023-09-27,44588.30078125,44588.30078125,44668.0,44182.5,44465.8984375,221900
2023-09-28,44300.94921875,44300.94921875,44756.80078125,44248.19921875,44700.3515625,389900
2023-09-29,44584.55078125,44584.55078125,44755.05078125,44344.8984375,44445.3515625,156000
2023-10-03,44399.05078125,44399.05078125,44566.30078125,44243.1015625,44561.5,192600
2023-10-04,43964.05078125,43964.05078125,44161.3515625,43857.5,44108.1484375,310300
2023-10-05,44213.3515625,44213.3515625,44391.8515625,44108.30078125,44181.3515625,243400
2023-10-06,44360.6015625,44360.6015625,44500.69921875,44242.94921875,44395.3984375,157500
2023-10-09,43886.5,43886.5,44113.19921875,43796.75,44057.80078125,162300
2023-10-10,44360.1484375,44360.1484375,44487.25,44004.55078125,44027.55078125,175300
2023-10-11,44516.8984375,44516.8984375,44710.55078125,44411.3984375,44554.8984375,213700
2023-10-12,44599.19921875,44599.19921875,44693.05078125,44530.05078125,44571.55078125,112100
2023-10-13,44287.94921875,44287.94921875,44563.05078125,44203.69921875,44322.05078125,169900
2023-10-16,44225.8984375,44225.8984375,44356.94921875,44044.3984375,44204.75,140400
2023-10-17,44409.5,44409.5,44589.8515625,44336.94921875,44589.80078125,120500
2023-10-18,43888.69921875,43888.69921875,44412.5,43861.44921875,44404.19921875,217200
2023-10-19,43754.5,43754.5,44058.80078125,43558.1015625,43616.75,156600
2023-10-20,43723.05078125,43723.05078125,43877.5,43567.44921875,43584.25,152400
2023-10-23,43151.19921875,43151.19921875,43831.30078125,43029.44921875,43822.69921875,201400
2023-10-25,42832.0,42832.0,43397.44921875,42758.3984375,43308.30078125,188300
2023-10-26,42280.1484375,42280.1484375,42716.19921875,42105.3984375,42708.3984375,307100
2023-10-27,42782.0,42782.0,42840.1484375,42482.75,42555.6015625,213900
2023-10-30,43039.1484375,43039.1484375,43112.5,42390.5,42721.3984375,189000
2023-10-31,42845.94921875,42845.94921875,43356.8515625,42797.1484375,43356.8515625,157400
2023-11-01,42700.94921875,42700.94921875,42815.1484375,42589.6484375,42694.25,145200
2023-11-02,43017.19921875,43017.19921875,43271.5,42796.44921875,43018.69921875,144700
2023-11-03,43318.25,43318.25,43416.1015625,43221.0,43318.30078125,124100
2023-11-06,43619.3984375,43619.3984375,43648.69921875,43415.19921875,43627.75,149900
2023-11-07,43737.8984375,43737.8984375,43799.3515625,43283.8515625,43598.8515625,198200
2023-11-08,43658.6484375,43658.6484375,43797.55078125,43547.75,43791.80078125,163400
2023-11-09,43683.6015625,43683.6015625,43876.75,43542.6484375,43626.1015625,108900
2023-11-10,43820.1015625,43820.1015625,43908.69921875,43504.94921875,43543.25,90000
2023-11-13,43891.25,43891.25,43970.75,43681.3984375,43915.1015625,169600
2023-11-15,44201.69921875,44201.69921875,44408.55078125,44164.55078125,44398.44921875,202500
2023-11-16,44161.55078125,44161.55078125,44420.94921875,44064.1484375,44251.69921875,144300
2023-11-17,43583.94921875,43583.94921875,43872.8515625,43513.8515625,43656.25,227400
2023-11-20,43584.94921875,43584.94921875,43724.0,43450.05078125,43591.5,124300
2023-11-21,43689.1484375,43689.1484375,43790.94921875,43586.44921875,43790.94921875,108200
2023-11-22,43449.6015625,43449.6015625,43692.5,43230.94921875,43663.6015625,150900
2023-11-23,43577.5,43577.5,43649.6484375,43451.3515625,43452.75,72300
2023-11-24,43769.1015625,43769.1015625,43806.5,43566.1484375,43607.3515625,96800
2023-11-28,43880.94921875,43880.94921875,43960.30078125,43739.80078125,43851.55078125,151200
2023-11-29,44566.44921875,44566.44921875,44630.3515625,44003.44921875,44081.75,152300
2023-11-30,44481.75,44481.75,44764.80078125,44254.6015625,44711.19921875,343200
2023-12-01,44814.19921875,44814.19921875,44951.1015625,44531.75,44580.1484375,204900
2023-12-04,46431.3984375,46431.3984375,46484.44921875,45484.19921875,45671.5,311200
2023-12-05,47012.25,47012.25,47230.55078125,46653.6484375,46895.8984375,326100
2023-12-06,46834.55078125,46834.55078125,47259.8515625,46750.19921875,47256.75,244200
2023-12-07,46841.3984375,46841.3984375,46927.69921875,46507.1484375,46735.3984375,208100
2023-12-08,47262.0,47262.0,47303.6484375,46793.8984375,46797.19921875,218300
2023-12-11,47314.25,47314.25,47588.0,47186.6015625,47233.30078125,182500
2023-12-12,47097.55078125,47097.55078125,47454.0,47004.05078125,47421.69921875,182000
2023-12-13,47092.25,47092.25,47201.94921875,46886.8984375,47190.75,202300
2023-12-14,47732.30078125,47732.30078125,47943.6015625,47510.8515625,47567.6484375,193100
2023-12-15,48143.55078125,48143.55078125,48219.94921875,47632.8515625,47939.8984375,313900
2023-12-18,47867.69921875,47867.69921875,48076.6015625,47806.69921875,48068.5,157300
2023-12-19,47870.8984375,47870.8984375,48017.0,47646.05078125,47940.3984375,189800
2023-12-20,47445.30078125,47445.30078125,48166.1484375,47202.6484375,48085.3515625,242500
2023-12-21,47840.1484375,47840.1484375,47932.3984375,46919.69921875,47172.44921875,208000
2023-12-22,47491.8515625,47491.8515625,48071.3984375,47415.8515625,47837.75,165800
2023-12-26,47724.8515625,47724.8515625,47838.44921875,47411.6484375,47576.3984375,118700
2023-12-27,48282.19921875,48282.19921875,48347.6484375,47806.69921875,47818.5,184900
2023-12-28,48508.55078125,48508.55078125,48636.44921875,48343.1484375,48479.05078125,391100
2023-12-29,48292.25,48292.25,48477.69921875,48091.8515625,48374.8515625,174000
2024-01-01,48234.30078125,48234.30078125,48450.0,48044.1484375,48203.44921875,146900
2024-01-02,47761.6484375,47761.6484375,48223.55078125,47689.80078125,48194.80078125,183200
2024-01-03,47704.94921875,47704.94921875,47798.75,47481.3515625,47796.30078125,233300
2024-01-04,48195.8515625,48195.8515625,48281.19921875,47738.1484375,47805.3984375,175700
2024-01-05,48159.0,48159.0,48381.94921875,47822.8515625,48245.55078125,181000
2024-01-08,47450.25,47450.25,48154.5,47387.3515625,48096.6484375,231400
2024-01-09,47242.6484375,47242.6484375,47939.30078125,47156.05078125,47705.3984375,161000
2024-01-10,47360.8515625,47360.8515625,47423.44921875,47010.80078125,47073.8515625,165200
2024-01-11,47438.3515625,47438.3515625,47662.1015625,47237.0,47538.6015625,132500
2024-01-12,47709.80078125,47709.80078125,47873.69921875,47408.5,47572.69921875,191600
2024-01-15,48158.30078125,48158.30078125,48248.05078125,47825.3984375,47891.05078125,167100
2024-01-16,48125.1015625,48125.1015625,48305.3984375,48002.8515625,48109.94921875,224500
2024-01-17,46064.44921875,46064.44921875,47212.75,45979.6015625,46573.94921875,499600
2024-01-18,45713.55078125,45713.55078125,46184.05078125,45430.69921875,45492.75,275000
2024-01-19,45701.1484375,45701.1484375,46249.8515625,45558.05078125,46103.5,296600
2024-01-23,45015.05078125,45015.05078125,46580.30078125,44886.1015625,46495.44921875,422600
2024-01-24,45082.3984375,45082.3984375,45485.5,44489.3984375,44489.3984375,348700
2024-01-25,44866.1484375,44866.1484375,45139.05078125,44429.0,45057.94921875,386800
2024-01-29,45442.3515625,45442.3515625,45660.3515625,45110.8984375,45171.5,336800
2024-01-30,45367.75,45367.75,45678.69921875,45206.05078125,45481.5,232100
2024-01-31,45996.80078125,45996.80078125,46179.75,45071.19921875,45295.6484375,373100
2024-02-01,46188.6484375,46188.6484375,46306.8984375,45668.3515625,46164.8984375,305700
2024-02-02,45970.94921875,45970.94921875,46892.3515625,45901.25,46568.19921875,337000
2024-02-05,45825.55078125,45825.55078125,46048.6015625,45615.1015625,45962.25,265900
2024-02-06,45690.80078125,45690.80078125,45932.1484375,45527.0,45891.19921875,178600
2024-02-07,45818.5,45818.5,46062.8515625,45620.5,45944.6015625,283700
2024-02-08,45012.0,45012.0,46181.19921875,44893.75,45973.8515625,319900
2024-02-09,45634.55078125,45634.55078125,45718.1484375,44859.1484375,44986.75,276000
2024-02-12,44882.25,44882.25,45748.5,44633.8515625,45664.30078125,268800
2024-02-13,45502.3984375,45502.3984375,45750.3984375,44819.55078125,45056.80078125,245900
2024-02-14,45908.30078125,45908.30078125,46170.44921875,44860.75,45014.6484375,280000
2024-02-15,46218.8984375,46218.8984375,46297.69921875,45590.19921875,46027.1015625,277700
2024-02-16,46384.8515625,46384.8515625,46693.3984375,46264.3984375,46454.30078125,291400
2024-02-19,46535.5,46535.5,46717.3984375,46317.69921875,46554.8984375,158400
2024-02-20,47094.19921875,47094.19921875,47136.75,46367.80078125,46444.8984375,171900
2024-02-21,47019.69921875,47019.69921875,47363.3984375,46886.94921875,47363.3984375,198900
2024-02-22,46919.80078125,46919.80078125,47024.05078125,46426.8515625,46934.55078125,177200
2024-02-23,46811.75,46811.75,47245.3515625,46723.1484375,47060.69921875,200500
2024-02-26,46576.5,46576.5,46893.1484375,46513.55078125,46615.8515625,223700
2024-02-27,46588.05078125,46588.05078125,46722.25,46324.8984375,46480.19921875,157300
2024-02-28,45963.1484375,45963.1484375,46754.55078125,45852.55078125,46640.8984375,167300
2024-02-29,46120.8984375,46120.8984375,46329.6484375,45661.75,45881.44921875,544700
2024-03-01,47286.8984375,47286.8984375,47342.25,46218.0,46218.0,172500
2024-03-04,47456.1015625,47456.1015625,47529.6015625,47191.6484375,47318.5,158100
2024-03-05,47581.0,47581.0,47737.8515625,47196.75,47265.69921875,176900
2024-03-06,47965.3984375,47965.3984375,48161.25,47442.25,47451.6484375,301700
2024-03-07,47835.80078125,47835.80078125,48071.69921875,47747.19921875,48035.80078125,146300
2024-03-11,47327.8515625,47327.8515625,47853.80078125,47230.6484375,47792.19921875,204200
2024-03-12,47282.3984375,47282.3984375,47812.75,46884.44921875,47351.3515625,207200
2024-03-13,46981.30078125,46981.30078125,47468.69921875,46842.1484375,47341.1484375,274600
2024-03-14,46789.94921875,46789.94921875,47231.5,46565.55078125,46825.75,220400
2024-03-15,46594.1015625,46594.1015625,46802.55078125,46310.5,46572.1015625,339300
2024-03-18,46575.8984375,46575.8984375,46739.25,46022.1484375,46458.75,151300
2024-03-19,46384.80078125,46384.80078125,46602.3515625,46258.75,46421.8984375,147100
2024-03-20,46310.8984375,46310.8984375,46655.55078125,45828.80078125,46392.8984375,210400
2024-03-21,46684.8984375,46684.8984375,46990.25,46570.1484375,46674.8515625,150400
2024-03-22,46863.75,46863.75,46974.1484375,46566.80078125,46634.8984375,172200
2024-03-26,46600.19921875,46600.19921875,46788.3515625,46529.05078125,46552.94921875,171700
2024-03-27,46785.94921875,46785.94921875,46956.1015625,46643.44921875,46643.44921875,285100
2024-03-28,47124.6015625,47124.6015625,47440.44921875,46827.8515625,46827.8515625,348000
2024-04-01,47578.25,47578.25,47646.80078125,47373.1015625,47391.05078125,134089400
2024-04-02,47545.44921875,47545.44921875,47707.3515625,47408.55078125,47490.75,183400
2024-04-03,47624.25,47624.25,47676.94921875,47279.80078125,47350.25,283800
2024-04-04,48060.80078125,48060.80078125,48254.6484375,47712.69921875,48086.19921875,324300
2024-04-05,48493.05078125,48493.05078125,48557.3984375,47894.5,48104.6484375,214300
2024-04-08,48581.69921875,48581.69921875,48716.94921875,48424.6484375,48586.75,263400
2024-04-09,48730.55078125,48730.55078125,48960.75,48568.25,48810.80078125,147600
2024-04-10,48986.6015625,48986.6015625,49057.3984375,48669.25,48879.55078125,247100
2024-04-12,48564.55078125,48564.55078125,48882.6484375,48477.55078125,48671.19921875,208000
2024-04-15,47773.25,47773.25,48255.5,47725.80078125,48057.5,197100
2024-04-16,47484.80078125,47484.80078125,47609.0,47316.55078125,47436.69921875,186100
2024-04-18,47069.44921875,47069.44921875,47829.75,46982.1484375,47592.69921875,186400
2024-04-19,47574.1484375,47574.1484375,47668.69921875,46579.05078125,46744.94921875,164600
2024-04-22,47924.8984375,47924.8984375,48146.30078125,47628.44921875,48145.69921875,177700
2024-04-23,47970.44921875,47970.44921875,48302.69921875,47899.30078125,48299.6015625,141100
2024-04-24,48189.0,48189.0,48246.19921875,48028.69921875,48120.8984375,112200
2024-04-25,48494.94921875,48494.94921875,48625.44921875,47737.19921875,47772.6484375,337400
2024-04-26,48201.05078125,48201.05078125,48679.6484375,48088.25,48660.0,208100
2024-04-29,49424.05078125,49424.05078125,49473.6015625,48342.69921875,48359.8984375,327100
2024-04-30,49396.75,49396.75,49974.75,49249.8984375,49477.1015625,402900
2024-05-02,49231.05078125,49231.05078125,49529.3515625,49123.6015625,49262.0,291900
2024-05-03,48923.55078125,48923.55078125,49607.75,48659.69921875,49375.05078125,223000
2024-05-06,48895.30078125,48895.30078125,49252.6484375,48784.0,49174.55078125,340200
2024-05-07,48285.3515625,48285.3515625,49023.5,48213.75,48965.05078125,230300
2024-05-08,48021.1015625,48021.1015625,48223.05078125,47851.1484375,48124.19921875,286000
2024-05-09,47487.8984375,47487.8984375,48258.6484375,47440.6484375,47976.3515625,272900
2024-05-10,47421.1015625,47421.1015625,47868.69921875,47313.3515625,47555.5,218900
2024-05-13,47754.1015625,47754.1015625,47841.6015625,46983.25,47389.80078125,220900
2024-05-14,47859.44921875,47859.44921875,47937.25,47607.8515625,47748.8515625,152000
2024-05-15,47687.44921875,47687.44921875,47957.19921875,47534.5,47923.1015625,188800
2024-05-16,47977.05078125,47977.05078125,48052.8984375,47340.3515625,47945.8515625,219900
2024-05-17,48115.6484375,48115.6484375,48188.6484375,47758.80078125,47842.94921875,143800
2024-05-21,48048.19921875,48048.19921875,48259.75,47927.1015625,47927.1015625,166800
2024-05-22,47781.94921875,47781.94921875,48114.05078125,47435.25,48113.8984375,204900
2024-05-23,48768.6015625,48768.6015625,48829.69921875,47873.1484375,47899.3515625,184500
2024-05-24,48971.6484375,48971.6484375,49052.94921875,48644.80078125,48668.0,135000
2024-05-27,49281.80078125,49281.80078125,49688.8515625,49051.25,49105.8984375,226500
2024-05-28,49142.1484375,49142.1484375,49511.1484375,49043.6484375,49390.8984375,155200
2024-05-29,48501.3515625,48501.3515625,49022.6015625,48401.55078125,48786.69921875,183600
2024-05-30,48682.3515625,48682.3515625,49044.6015625,48313.6015625,48313.6015625,151000
2024-05-31,48983.94921875,48983.94921875,49122.55078125,48569.05078125,48895.1484375,303600
2024-06-03,50979.94921875,50979.94921875,51133.19921875,50092.6484375,50889.8515625,453200
2024-06-04,46928.6015625,46928.6015625,50667.05078125,46077.8515625,50667.05078125,653100
2024-06-05,49054.6015625,49054.6015625,49362.8984375,46446.80078125,47486.6015625,546800
2024-06-06,49291.8984375,49291.8984375,49672.75,48906.75,49426.3984375,250400
2024-06-07,49803.19921875,49803.19921875,49943.19921875,49080.44921875,49316.94921875,170300
2024-06-10,49780.8984375,49780.8984375,50252.94921875,49622.75,49808.1484375,195800
2024-06-11,49705.75,49705.75,49970.30078125,49530.44921875,49751.19921875,128500
2024-06-12,49895.1015625,49895.1015625,50233.3984375,49697.3515625,49857.44921875,211700
2024-06-13,49846.69921875,49846.69921875,50186.44921875,49799.6484375,50179.0,125700
2024-06-14,50002.0,50002.0,50102.6015625,49693.3515625,49993.94921875,155000
2024-06-18,50440.8984375,50440.8984375,50562.1484375,49900.19921875,50194.3515625,189200
2024-06-19,51398.05078125,51398.05078125,51957.0,50441.75,50607.8984375,435300
2024-06-20,51783.25,51783.25,51842.19921875,51281.5,51712.8984375,235900
2024-06-21,51661.44921875,51661.44921875,51934.3515625,51224.94921875,51927.30078125,289400
2024-06-24,51703.94921875,51703.94921875,51783.94921875,51138.8984375,51280.25,176600
2024-06-25,52606.0,52606.0,52746.5,51747.6484375,51759.44921875,204000
2024-06-26,52870.5,52870.5,52988.30078125,52373.69921875,52653.19921875,214300
2024-06-27,52811.30078125,52811.30078125,53180.75,52639.0,52980.30078125,332900
2024-06-28,52342.25,52342.25,53030.30078125,52242.30078125,52874.94921875,244600
2024-07-01,52574.75,52574.75,52656.1484375,52166.05078125,52351.1484375,0
2024-07-02,52168.1015625,52168.1015625,52828.44921875,51996.6484375,52793.75,0
2024-07-03,53089.25,53089.25,53256.69921875,52482.6484375,52872.30078125,0
2024-07-04,53103.69921875,53103.69921875,53357.69921875,52815.8984375,53357.69921875,163700
2024-07-05,52660.3515625,52660.3515625,52817.8515625,52290.05078125,52560.1015625,199600
2024-07-08,52425.80078125,52425.80078125,52710.80078125,52246.69921875,52533.1015625,158000
2024-07-09,52568.80078125,52568.80078125,52626.6015625,52292.94921875,52390.5,145100
2024-07-10,52189.30078125,52189.30078125,52528.80078125,52075.3984375,52528.80078125,228000
2024-07-11,52270.6484375,52270.6484375,52400.30078125,51749.44921875,52316.8984375,138300
2024-07-12,52278.8984375,52278.8984375,52794.55078125,52171.1484375,52272.6484375,171000
2024-07-15,52455.8984375,52455.8984375,52662.25,52154.0,52330.05078125,186100
2024-07-16,52396.80078125,52396.80078125,52619.05078125,52331.6015625,52466.69921875,158800
2024-07-18,52620.69921875,52620.69921875,52782.75,52168.6484375,52215.05078125,139400
2024-07-19,52265.6015625,52265.6015625,52586.75,52146.30078125,52531.55078125,134100
2024-07-22,52280.3984375,52280.3984375,52427.0,51874.55078125,52145.6015625,175300
2024-07-23,51778.30078125,51778.30078125,52547.55078125,51342.6484375,52511.0,207800
2024-07-24,51317.0,51317.0,51944.6484375,50784.25,51657.6484375,292200
2024-07-25,50888.75,50888.75,51006.1015625,50559.8984375,50762.30078125,188400
2024-07-26,51295.94921875,51295.94921875,51398.6015625,50438.30078125,50456.1015625,215700
2024-07-29,51406.25,51406.25,52340.25,51186.94921875,51546.6484375,513700
2024-07-30,51499.30078125,51499.30078125,51957.75,51260.05078125,51383.8984375,235200
2024-07-31,51553.3984375,51553.3984375,51663.1015625,51335.69921875,51583.44921875,219000
2024-08-01,51564.0,51564.0,51877.1484375,51456.19921875,51672.6015625,156400
2024-08-02,51350.1484375,51350.1484375,51608.69921875,51087.8515625,51172.25,163000
2024-08-05,50092.1015625,50092.1015625,50747.55078125,49719.1015625,50586.25,257800
2024-08-06,49748.30078125,49748.30078125,50688.80078125,49659.05078125,50436.8984375,162800
2024-08-07,50119.0,50119.0,50292.44921875,49782.19921875,50286.19921875,171000
2024-08-08,50156.69921875,50156.69921875,50440.75,49829.6015625,50051.8984375,124800
2024-08-09,50484.5,50484.5,50707.75,50386.44921875,50612.1015625,120200
2024-08-12,50577.94921875,50577.94921875,50830.69921875,50149.25,50412.6015625,163500
2024-08-13,49831.8515625,49831.8515625,50559.25,49785.1015625,50395.3515625,148900
2024-08-14,49727.30078125,49727.30078125,49959.25,49654.6484375,49887.1484375,137100
2024-08-16,50516.8984375,50516.8984375,50603.3984375,49806.05078125,50133.0,130700
2024-08-19,50368.3515625,50368.3515625,50728.25,50283.55078125,50683.55078125,115300
2024-08-20,50803.1484375,50803.1484375,51025.6015625,50398.6015625,50417.25,144200
2024-08-21,50685.55078125,50685.55078125,50772.44921875,50333.3515625,50666.6484375,180800
2024-08-22,50985.69921875,50985.69921875,51080.0,50794.44921875,50894.80078125,133100
2024-08-23,50933.44921875,50933.44921875,51117.8515625,50856.69921875,51040.05078125,88500
2024-08-26,51148.1015625,51148.1015625,51317.8515625,51061.55078125,51100.6484375,100300
2024-08-27,51278.75,51278.75,51404.69921875,50938.1015625,51214.05078125,111400
2024-08-28,51143.8515625,51143.8515625,51260.75,51033.69921875,51208.94921875,128100
2024-08-29,51152.75,51152.75,51368.94921875,50984.3984375,51103.75,143600
2024-08-30,51351.0,51351.0,51466.55078125,51256.0,51437.44921875,478600
2024-09-02,51439.55078125,51439.55078125,51579.5,51295.80078125,51579.5,150200
2024-09-03,51689.1015625,51689.1015625,51750.1015625,51240.05078125,51479.75,127200
2024-09-04,51400.25,51400.25,51503.55078125,51259.8984375,51364.6484375,159700
2024-09-05,51473.05078125,51473.05078125,51636.75,51389.1484375,51544.25,129600
2024-09-06,50576.8515625,50576.8515625,51380.05078125,50447.30078125,51200.3984375,186000
2024-09-09,51117.80078125,51117.80078125,51192.75,50369.3984375,50549.25,172400
2024-09-10,51272.30078125,51272.30078125,51366.0,50958.25,51328.30078125,119300
2024-09-11,51010.0,51010.0,51420.1484375,50947.69921875,51218.55078125,145100
2024-09-12,51772.3984375,51772.3984375,51878.1015625,51025.0,51271.0,127900
2024-09-13,51938.05078125,51938.05078125,51994.1015625,51643.94921875,51952.55078125,152000
2024-09-16,52153.1484375,52153.1484375,52208.69921875,51921.44921875,52038.69921875,93800
2024-09-17,52188.6484375,52188.6484375,52284.6015625,52085.5,52249.05078125,111400
2024-09-18,52750.3984375,52750.3984375,52954.19921875,52154.55078125,52177.1015625,205100
2024-09-19,53037.6015625,53037.6015625,53353.30078125,52847.8984375,52929.25,164900
2024-09-20,53793.19921875,53793.19921875,54066.1015625,53037.6015625,53235.80078125,271900
2024-09-23,54105.80078125,54105.80078125,54197.94921875,53741.3984375,53917.8984375,163700
2024-09-24,53968.6015625,53968.6015625,54247.69921875,53904.6484375,54110.6484375,192600
2024-09-25,54101.6484375,54101.6484375,54141.30078125,53792.8515625,53794.0,184600
2024-09-26,54375.3515625,54375.3515625,54467.3515625,54010.8984375,54045.8515625,170500
2024-09-27,53834.30078125,53834.30078125,54338.69921875,53763.19921875,54338.69921875,217400
2024-09-30,52978.1015625,52978.1015625,53726.3984375,52926.55078125,53556.94921875,179300
2024-10-01,52922.6015625,52922.6015625,53235.25,52817.80078125,52844.0,240200
2024-10-03,51845.19921875,51845.19921875,52582.94921875,51683.3984375,52314.44921875,272300
2024-10-04,51462.05078125,51462.05078125,52358.3515625,51347.25,51643.75,255800
2024-10-07,50478.8984375,50478.8984375,51784.80078125,50194.30078125,51543.19921875,328700
2024-10-08,51021.0,51021.0,51176.05078125,50466.0,50736.1015625,153200
2024-10-09,51007.0,51007.0,51707.1484375,50903.75,51161.75,310000
2024-10-10,51530.8984375,51530.8984375,51659.44921875,51047.0,51195.69921875,123700
2024-10-11,51172.30078125,51172.30078125,51560.0,51005.8515625,51491.8984375,109400
2024-10-14,51816.8984375,51816.8984375,51893.0,51220.8515625,51263.25,126600
2024-10-15,51906.0,51906.0,52022.05078125,51698.75,51975.94921875,101400
2024-10-16,51801.05078125,51801.05078125,52031.6015625,51711.19921875,51711.19921875,94400
2024-10-17,51288.80078125,51288.80078125,51930.19921875,51150.25,51849.30078125,107800
2024-10-18,52094.19921875,52094.19921875,52199.44921875,51000.8984375,51261.0,139100
2024-10-21,51962.69921875,51962.69921875,52577.5,51855.1484375,52361.1015625,145700
2024-10-22,51257.1484375,51257.1484375,52257.30078125,51179.6015625,52071.3515625,203900
2024-10-23,51239.0,51239.0,51551.55078125,51107.8984375,51117.80078125,208100
2024-10-24,51531.1484375,51531.1484375,51781.55078125,51201.8515625,51272.30078125,171800
2024-10-25,50787.44921875,50787.44921875,51501.05078125,50382.1015625,51369.75,271700
2024-10-28,51259.30078125,51259.30078125,51589.1484375,51012.55078125,51061.3515625,447600
2024-10-29,52320.69921875,52320.69921875,52354.8515625,51278.8984375,51404.1015625,374600
2024-10-30,51807.5,51807.5,52220.0,51733.0,51988.69921875,247700
2024-10-31,51475.3515625,51475.3515625,52005.6015625,51318.1015625,51649.44921875,319900
2024-11-01,51673.8984375,51673.8984375,51825.5,51459.3984375,51550.1484375,51400
2024-11-04,51215.25,51215.25,51764.5,51066.80078125,51764.5,320500
2024-11-05,52207.25,52207.25,52289.55078125,50865.44921875,51052.6015625,245000
2024-11-06,52317.3984375,52317.3984375,52493.94921875,52185.3984375,52440.3984375,219100
2024-11-07,51916.5,51916.5,52377.25,51752.25,52258.94921875,160500
2024-11-08,51561.19921875,51561.19921875,52007.1484375,51494.0,51869.1484375,157200
2024-11-11,51876.75,51876.75,52177.69921875,51294.19921875,51562.69921875,160700
2024-11-12,51157.80078125,51157.80078125,52169.05078125,51006.8515625,52053.75,131400
2024-11-13,50088.3515625,50088.3515625,51353.5,49904.3984375,51030.94921875,207100
2024-11-14,50179.55078125,50179.55078125,50561.80078125,49939.3515625,50053.44921875,133900
2024-11-18,50363.80078125,50363.80078125,50445.80078125,50074.0,50312.44921875,161500
2024-11-19,50626.5,50626.5,50983.5,50440.8515625,50580.55078125,185800
2024-11-21,50372.8984375,50372.8984375,50652.1484375,49787.1015625,50625.0,254600
2024-11-22,51135.3984375,51135.3984375,51271.5,50508.25,50512.80078125,183400
2024-11-25,52207.5,52207.5,52331.1015625,51774.05078125,52046.3515625,458500
2024-11-26,52191.5,52191.5,52555.5,51999.75,52554.8984375,113100
2024-11-27,52301.80078125,52301.80078125,52444.3515625,52019.6484375,52154.30078125,151600
2024-11-28,51906.8515625,51906.8515625,52760.19921875,51782.8984375,52389.94921875,172000
2024-11-29,52055.6015625,52055.6015625,52170.8984375,51759.44921875,51984.1484375,139600
2024-12-02,52109.0,52109.0,52197.25,51693.94921875,52087.6484375,102500
2024-12-03,52695.75,52695.75,52780.8984375,52216.8515625,52357.94921875,173600
2024-12-04,53266.8984375,53266.8984375,53387.1015625,52685.1484375,52775.0,228600
2024-12-05,53603.55078125,53603.55078125,53888.30078125,52850.3515625,53354.44921875,155600
2024-12-06,53509.5,53509.5,53868.5,53160.6484375,53634.19921875,209400
2024-12-09,53407.75,53407.75,53775.1015625,53326.3984375,53380.75,121800
2024-12-10,53577.69921875,53577.69921875,53624.05078125,53302.6484375,53450.05078125,121800
2024-12-11,53391.3515625,53391.3515625,53648.05078125,53302.1484375,53459.30078125,101600
2024-12-12,53216.44921875,53216.44921875,53537.44921875,53174.3984375,53201.0,99500
2024-12-13,53583.80078125,53583.80078125,53654.0,52264.55078125,53109.80078125,139900
2024-12-16,53581.3515625,53581.3515625,53738.8984375,53335.0,53502.5,85800
2024-12-17,52834.80078125,52834.80078125,53515.69921875,52709.3984375,53394.1015625,116200
2024-12-18,52139.55078125,52139.55078125,52827.6015625,52010.6484375,52696.94921875,149500
2024-12-19,51575.69921875,51575.69921875,51789.8515625,51263.75,51428.44921875,145900
2024-12-20,50759.19921875,50759.19921875,51629.0,50609.3515625,51401.3515625,228200
2024-12-23,51317.6015625,51317.6015625,51417.3515625,51030.3984375,51044.3984375,110800
2024-12-24,51233.0,51233.0,51382.1015625,51137.5,51314.94921875,112000
2024-12-26,51170.69921875,51170.69921875,51740.0,50951.80078125,51395.80078125,91300
2024-12-27,51311.30078125,51311.30078125,51628.44921875,51240.1015625,51268.19921875,78200
2024-12-30,50952.75,50952.75,51979.75,50718.3515625,51255.3515625,316300
2024-12-31,50860.19921875,50860.19921875,50945.55078125,50599.80078125,50648.19921875,105300
2025-01-01,51060.6015625,51060.6015625,51321.94921875,50485.05078125,50841.8984375,81100
2025-01-02,51605.55078125,51605.55078125,51672.75,50992.80078125,51084.94921875,134400
2025-01-03,50988.80078125,50988.80078125,51671.6015625,50904.3515625,51567.1484375,148200
2025-01-06,49922.0,49922.0,51026.1015625,49751.0,50990.6484375,184600
2025-01-07,50202.1484375,50202.1484375,50447.6015625,49969.30078125,50061.19921875,103800
2025-01-08,49835.05078125,49835.05078125,50246.8984375,49389.75,50201.75,131200
2025-01-09,49503.5,49503.5,49798.1015625,49230.1484375,49712.55078125,136400
2025-01-10,48734.1484375,48734.1484375,49483.1484375,48631.19921875,49426.5,142400
2025-01-13,48041.25,48041.25,48606.3515625,47898.3515625,48264.25,168800
2025-01-14,48729.1484375,48729.1484375,49007.3515625,48235.19921875,48266.8984375,151900
2025-01-15,48751.69921875,48751.69921875,49083.6484375,48522.3984375,48832.75,145100
2025-01-16,49278.69921875,49278.69921875,49459.0,49038.44921875,49082.8984375,146700
2025-01-17,48540.6015625,48540.6015625,49047.19921875,48309.5,48959.5,130600
2025-01-20,49350.80078125,49350.80078125,49650.6015625,48683.6015625,48834.1484375,173100
2025-01-21,48570.8984375,48570.8984375,49543.1484375,48430.94921875,49532.0,134700
2025-01-22,48724.3984375,48724.3984375,48781.75,48074.05078125,48689.55078125,151700
2025-01-23,48589.0,48589.0,48892.69921875,48493.0,48770.1484375,124600
2025-01-24,48367.80078125,48367.80078125,48858.6484375,48203.0,48546.05078125,139900
2025-01-27,48064.6484375,48064.6484375,48319.19921875,47844.1484375,47881.6484375,271800
2025-01-28,48866.8515625,48866.8515625,49247.1484375,48449.05078125,48642.5,299900
2025-01-29,49165.94921875,49165.94921875,49199.6484375,48849.80078125,48997.19921875,177200
2025-01-30,49311.94921875,49311.94921875,49426.19921875,49031.80078125,49206.19921875,197900
2025-01-31,49587.19921875,49587.19921875,49674.80078125,49031.80078125,49259.6484375,232000
2025-02-03,49210.55078125,49210.55078125,49373.44921875,48906.05078125,49074.80078125,122900
2025-02-04,50157.94921875,50157.94921875,50206.6015625,49482.5,49538.80078125,155700
2025-02-05,50343.05078125,50343.05078125,50522.1484375,50215.44921875,50402.30078125,149000
2025-02-06,50382.1015625,50382.1015625,50553.3515625,50149.80078125,50468.3515625,158400
2025-02-07,50158.8515625,50158.8515625,50641.75,49871.1484375,50484.44921875,178700
2025-02-10,49981.0,49981.0,50155.6484375,49703.1015625,50052.5,98400
2025-02-11,49403.3984375,49403.3984375,49906.75,49177.3984375,49812.1484375,127000
2025-02-12,49479.44921875,49479.44921875,49702.3515625,48734.3515625,49402.25,136500
2025-02-13,49359.8515625,49359.8515625,49836.1015625,49276.1015625,49469.3515625,118600
2025-02-14,49099.44921875,49099.44921875,49592.94921875,48719.75,49485.6484375,130600
2025-02-17,49258.8984375,49258.8984375,49319.0,48525.6015625,48880.3984375,114800
2025-02-18,49087.30078125,49087.30078125,49328.55078125,48814.94921875,49211.8515625,107800
2025-02-19,49570.1015625,49570.1015625,49628.25,48804.0,48895.3515625,113300
2025-02-20,49334.55078125,49334.55078125,49455.80078125,49150.94921875,49314.1015625,112000
2025-02-21,48981.19921875,48981.19921875,49306.55078125,48764.0,49127.94921875,95300
2025-02-24,48651.94921875,48651.94921875,48748.3984375,48281.8984375,48619.80078125,95700
2025-02-25,48608.3515625,48608.3515625,48862.1484375,48534.1484375,48691.19921875,106700
2025-02-27,48743.80078125,48743.80078125,48972.55078125,48627.1015625,48732.19921875,186700
2025-02-28,48344.69921875,48344.69921875,48574.5,48078.69921875,48437.55078125,287700
2025-03-03,48114.30078125,48114.30078125,48574.69921875,47841.30078125,48478.6015625,151000
2025-03-04,48245.19921875,48245.19921875,48374.8984375,47924.75,47942.5,139300
2025-03-05,48489.94921875,48489.94921875,48657.6484375,48190.25,48241.30078125,127800
2025-03-06,48627.69921875,48627.69921875,48839.1015625,48299.3984375,48760.0,137400
2025-03-07,48497.5,48497.5,48709.05078125,48359.3515625,48463.80078125,106000
2025-03-10,48216.80078125,48216.80078125,48599.1484375,48124.6484375,48312.0,123800
2025-03-11,47853.94921875,47853.94921875,48029.05078125,47702.8984375,47874.80078125,222400
2025-03-12,48056.6484375,48056.6484375,48222.1484375,47844.94921875,47894.3984375,243300
2025-03-13,48060.3984375,48060.3984375,48352.44921875,48006.1015625,48219.1484375,145900
2025-03-17,48354.1484375,48354.1484375,48481.3515625,48196.1015625,48219.55078125,131300
2025-03-18,49314.5,49314.5,49400.30078125,48629.44921875,48792.8984375,146600
2025-03-19,49702.6015625,49702.6015625,49807.55078125,49324.80078125,49375.3984375,137600
2025-03-20,50062.8515625,50062.8515625,50155.30078125,49771.6484375,49947.6015625,115700
2025-03-21,50593.55078125,50593.55078125,50672.1484375,49891.94921875,49927.1015625,225500
2025-03-24,51704.94921875,51704.94921875,51801.1484375,50795.8984375,50982.69921875,180400
2025-03-25,51607.94921875,51607.94921875,52063.94921875,51429.6015625,51874.19921875,185200
2025-03-26,51209.0,51209.0,51875.80078125,51069.1484375,51640.05078125,152900
2025-03-27,51575.8515625,51575.8515625,51714.3515625,51050.8515625,51084.69921875,415800
2025-03-28,51564.8515625,51564.8515625,51839.1015625,51335.3515625,51608.3984375,171200
2025-04-01,50827.5,50827.5,51683.8515625,50742.0,51178.1484375,176300
2025-04-02,51348.05078125,51348.05078125,51404.19921875,50908.3515625,50966.8984375,149900
2025-04-03,51597.3515625,51597.3515625,51661.6015625,50906.6484375,50910.0,291200
2025-04-04,51502.69921875,51502.69921875,51893.6015625,51360.3984375,51711.6015625,189600
2025-04-07,49860.1015625,49860.1015625,50426.25,49156.94921875,49336.1015625,236800
2025-04-08,50511.0,50511.0,50793.69921875,50030.80078125,50388.55078125,162300
2025-04-09,50240.1484375,50240.1484375,50496.8984375,49910.8515625,50487.1015625,141800
2025-04-11,51002.3515625,51002.3515625,51244.69921875,50634.1015625,50634.1015625,140000
2025-04-15,52379.5,52379.5,52486.3515625,51863.30078125,52299.0,203800
2025-04-16,53117.75,53117.75,53164.44921875,52471.3515625,52690.8984375,200500
2025-04-17,54290.19921875,54290.19921875,54407.19921875,53084.8984375,53153.75,294900
2025-04-21,55304.5,55304.5,55461.6484375,54674.94921875,54891.25,300
2025-04-22,55647.19921875,55647.19921875,55961.19921875,55243.55078125,55414.30078125,276900
2025-04-23,55370.05078125,55370.05078125,56098.69921875,55162.5,56097.1015625,245500
2025-04-24,55201.3984375,55201.3984375,55550.44921875,55088.3984375,55103.8984375,233200
2025-04-25,54664.05078125,54664.05078125,55350.55078125,54176.44921875,55233.55078125,210800
2025-04-28,55432.80078125,55432.80078125,55577.3984375,54582.3515625,54610.30078125,178600
2025-04-29,55391.25,55391.25,55957.75,55262.3984375,55524.3515625,193900
2025-04-30,55087.1484375,55087.1484375,55478.25,54723.69921875,55382.3984375,193500
2025-05-02,55115.3515625,55115.3515625,55691.94921875,54994.3984375,55100.94921875,154200
2025-05-05,54919.5,54919.5,55345.5,54786.5,55065.80078125,139400
2025-05-06,54271.3984375,54271.3984375,55036.94921875,54172.94921875,54918.25,198700
2025-05-07,54610.8984375,54610.8984375,54684.30078125,53919.8984375,54013.3984375,268900
2025-05-08,54365.6484375,54365.6484375,54937.25,54108.0,54801.75,302200
2025-05-09,53595.25,53595.25,54054.80078125,53483.05078125,53595.94921875,179300
2025-05-12,55382.8515625,55382.8515625,55466.30078125,54558.05078125,54658.75,199600
2025-05-13,54940.8515625,54940.8515625,55499.6484375,54888.5,55233.5,190000
2025-05-14,54801.30078125,54801.30078125,55208.6015625,54491.0,55008.55078125,145200
2025-05-15,55355.6015625,55355.6015625,55490.55078125,54442.30078125,54853.69921875,138400
2025-05-16,55354.8984375,55354.8984375,55418.8984375,55170.25,55276.0,136000
2025-05-19,55420.69921875,55420.69921875,55695.55078125,55296.55078125,55326.05078125,138100
2025-05-20,54877.3515625,54877.3515625,55568.3515625,54829.44921875,55445.30078125,143400
2025-05-21,55075.1015625,55075.1015625,55336.8515625,54690.80078125,55060.19921875,119500
2025-05-22,54941.30078125,54941.30078125,54996.1015625,54576.6015625,54875.8984375,148200
2025-05-23,55398.25,55398.25,55441.30078125,54854.5,54959.30078125,88900
2025-05-26,55572.0,55572.0,55875.75,55307.5,55534.8984375,90800
2025-05-27,55352.80078125,55352.80078125,55831.3515625,55037.8515625,55458.94921875,145400
2025-05-28,55417.0,55417.0,55521.80078125,55235.55078125,55328.6015625,128300
2025-05-29,55546.05078125,55546.05078125,55782.75,55096.44921875,55571.3984375,185700
2025-05-30,55749.69921875,55749.69921875,55813.30078125,55356.6015625,55615.55078125,281100
2025-06-02,55903.3984375,55903.3984375,55966.30078125,55400.55078125,55598.25,211300
2025-06-03,55599.94921875,55599.94921875,56161.3984375,55455.80078125,56104.80078125,212800
2025-06-04,55676.8515625,55676.8515625,55791.0,55408.3515625,55650.3515625,151500
2025-06-05,55760.8515625,55760.8515625,56010.1484375,55580.44921875,55806.75,141300
2025-06-06,56578.3984375,56578.3984375,56695.0,55534.75,55699.44921875,347000
2025-06-09,56839.6015625,56839.6015625,57049.5,56792.69921875,57049.5,207500
2025-06-10,56629.1015625,56629.1015625,57015.3984375,56564.1484375,56993.8984375,146000
2025-06-11,56459.75,56459.75,56782.5,56399.3984375,56639.8515625,135300
2025-06-12,56082.55078125,56082.55078125,56611.05078125,55968.5,56480.8984375,135300
2025-06-13,55527.3515625,55527.3515625,55688.0,55149.30078125,55149.30078125,142000
2025-06-16,55944.8984375,55944.8984375,55999.8515625,55381.44921875,55554.1015625,107700
2025-06-17,55714.1484375,55714.1484375,56067.30078125,55643.94921875,55975.0,106300
2025-06-18,55828.75,55828.75,55933.6015625,55511.80078125,55544.94921875,116400
2025-06-19,55577.44921875,55577.44921875,55942.44921875,55475.44921875,55784.8515625,131300
2025-06-20,56252.8515625,56252.8515625,56328.19921875,55566.3984375,55566.69921875,161500
2025-06-23,56059.3515625,56059.3515625,56233.55078125,55779.25,55832.3515625,86800
2025-06-24,56461.8984375,56461.8984375,56862.0,56276.1484375,56529.44921875,132900
2025-06-25,56621.1484375,56621.1484375,56681.3984375,56420.6484375,56564.5,98700
2025-06-26,57206.69921875,57206.69921875,57263.44921875,56558.3515625,56693.55078125,176500
2025-06-27,57443.8984375,57443.8984375,57475.3984375,56993.8515625,57234.69921875,238000
2025-06-30,57312.75,57312.75,57614.5,57193.80078125,57529.94921875,183000
2025-07-01,57459.44921875,57459.44921875,57533.8515625,57150.3515625,57375.80078125,283300
2025-07-02,56999.19921875,56999.19921875,57628.3984375,56833.80078125,57558.19921875,169600
2025-07-03,56791.94921875,56791.94921875,57193.25,56764.1015625,57050.3984375,149900
2025-07-04,57031.8984375,57031.8984375,57075.1015625,56623.6015625,56825.25,93900
2025-07-07,56949.19921875,56949.19921875,57152.19921875,56838.55078125,56938.69921875,103300
2025-07-08,57256.30078125,57256.30078125,57303.30078125,56923.05078125,56942.55078125,105500
2025-07-09,57213.55078125,57213.55078125,57290.6484375,57037.8984375,57199.75,91100
2025-07-10,56956.0,56956.0,57363.69921875,56886.6015625,57339.75,102000
2025-07-11,56754.69921875,56754.69921875,57091.05078125,56607.75,56843.44921875,95500
2025-07-14,56765.3515625,56765.3515625,56896.30078125,56594.25,56780.75,123000
2025-07-15,57006.6484375,57006.6484375,57134.94921875,56707.80078125,56709.19921875,124600
2025-07-16,57168.94921875,57168.94921875,57276.55078125,56937.6015625,57111.25,161300
2025-07-17,56828.80078125,56828.80078125,57262.8515625,56780.1484375,57231.94921875,129800
2025-07-18,56283.0,56283.0,56705.1484375,56204.8515625,56524.25,141200
2025-07-21,56952.75,56952.75,56983.44921875,56255.69921875,56558.8984375,133700
2025-07-22,56756.0,56756.0,57286.1484375,56692.0,57253.3515625,132800
2025-07-23,57210.44921875,57210.44921875,57249.0,56715.80078125,56918.1484375,129800
2025-07-24,57066.05078125,57066.05078125,57316.6015625,56850.8984375,57316.6015625,179800
2025-07-25,56528.8984375,56528.8984375,57170.69921875,56439.3984375,57170.69921875,125100
2025-07-28,56084.8984375,56084.8984375,56578.3984375,55997.44921875,56215.1015625,145700
2025-07-29,56222.0,56222.0,56296.3984375,55843.25,55881.80078125,145100
2025-07-30,56150.69921875,56150.69921875,56321.1484375,56064.55078125,56310.1015625,139700
2025-07-31,55961.94921875,55961.94921875,56406.19921875,55547.3515625,55728.1484375,182800
2025-08-01,55617.6015625,55617.6015625,56097.6015625,55562.1015625,55897.1484375,98900
2025-08-04,55619.3515625,55619.3515625,55752.44921875,55437.30078125,55557.5,131100
2025-08-05,55360.25,55360.25,55648.1484375,55202.8515625,55545.05078125,105700
2025-08-06,55411.1484375,55411.1484375,55559.3984375,55227.69921875,55329.80078125,117600
2025-08-07,55521.1484375,55521.1484375,55614.80078125,54973.55078125,55215.6484375,95500
2025-08-08,55004.8984375,55004.8984375,55652.6015625,54905.6015625,55609.3515625,97300
2025-08-11,55510.75,55510.75,55582.1484375,54927.55078125,54999.3515625,105200
2025-08-12,55043.69921875,55043.69921875,55566.69921875,55001.5,55441.1015625,74700
2025-08-13,55181.44921875,55181.44921875,55340.05078125,55026.94921875,55340.05078125,80100
2025-08-14,55341.8515625,55341.8515625,55472.80078125,55074.30078125,55102.55078125,74200
2025-08-18,55734.8984375,55734.8984375,56156.30078125,55647.6484375,55940.6015625,101700
2025-08-19,55865.1484375,55865.1484375,55965.55078125,55608.1484375,55622.30078125,89300
2025-08-20,55698.5,55698.5,55812.6015625,55577.3515625,55751.5,69100
2025-08-21,55755.44921875,55755.44921875,55993.6484375,55708.19921875,55972.05078125,70300
2025-08-22,55149.3984375,55149.3984375,55745.0,55102.6015625,55669.25,77100
2025-08-25,55139.30078125,55139.30078125,55306.0,55048.3984375,55147.75,79900
2025-08-26,54450.44921875,54450.44921875,55068.8984375,54396.1015625,54999.05078125,123800
2025-08-28,53820.3515625,53820.3515625,54382.25,53768.44921875,54256.0,134300
2025-08-29,53655.6484375,53655.6484375,54086.0,53606.44921875,53660.3515625,103900
2025-09-01,54002.44921875,54002.44921875,54035.8515625,53658.1484375,53658.1484375,78000
2025-09-02,53661.0,53661.0,54160.94921875,53578.0,54038.25,77500
2025-09-03,54067.55078125,54067.55078125,54136.1484375,53561.75,53630.75,100100
2025-09-04,54075.44921875,54075.44921875,54450.55078125,53971.8515625,54379.6015625,120000
2025-09-05,54114.55078125,54114.55078125,54308.05078125,53719.55078125,54308.05078125,79900
2025-09-08,54186.8984375,54186.8984375,54518.69921875,54067.1484375,54215.3984375,76300
2025-09-09,54216.1015625,54216.1015625,54350.6484375,54079.44921875,54330.55078125,93800
2025-09-10,54536.0,54536.0,54705.19921875,54400.0,54554.75,116900
2025-09-11,54669.6015625,54669.6015625,54757.44921875,54402.3984375,54413.05078125,96900
2025-09-12,54809.30078125,54809.30078125,54852.25,54580.3515625,54781.55078125,80100
2025-09-15,54887.8515625,54887.8515625,55018.69921875,54807.5,54884.05078125,72000
2025-09-16,55147.6015625,55147.6015625,55185.44921875,54777.75,54778.3984375,98700
2025-09-17,55493.30078125,55493.30078125,55540.75,55146.55078125,55158.3515625,155300
2025-09-18,55727.44921875,55727.44921875,55835.25,55490.8984375,55797.1015625,134300
2025-09-19,55458.8515625,55458.8515625,55688.75,55355.30078125,55647.94921875,190000
2025-09-22,55284.75,55284.75,55666.3515625,55215.6015625,55429.30078125,118600
2025-09-23,55509.75,55509.75,55662.0,55159.0,55248.69921875,171200
2025-09-24,55121.5,55121.5,55511.1015625,55040.44921875,55387.1015625,172000
2025-09-25,54976.19921875,54976.19921875,55276.6484375,54903.30078125,55061.6484375,158400
2025-09-26,54389.3515625,54389.3515625,54897.0,54310.94921875,54797.8984375,127700
2025-09-29,54461.0,54461.0,54686.05078125,54226.6015625,54460.3984375,218300
2025-09-30,54635.8515625,54635.8515625,54793.05078125,54502.94921875,54705.5,206900
2025-10-01,55347.94921875,55347.94921875,55406.75,54582.55078125,54653.8984375,173000
2025-10-03,55589.25,55589.25,55616.44921875,55177.0,55182.6015625,156900
2025-10-06,56104.8515625,56104.8515625,56164.19921875,55727.25,55834.69921875,162600
2025-10-07,56239.3515625,56239.3515625,56502.44921875,56025.05078125,56126.3984375,153700
2025-10-08,56018.25,56018.25,56303.6015625,55821.0,56098.5,133600
2025-10-09,56192.05078125,56192.05078125,56286.25,55843.8984375,55979.0,118000
2025-10-10,56609.75,56609.75,56760.25,56152.44921875,56168.6015625,163000
2025-10-13,56625.0,56625.0,56770.8984375,56327.3984375,56337.05078125,123500
2025-10-14,56496.44921875,56496.44921875,56721.30078125,56230.1484375,56598.6484375,129800
2025-10-15,56799.8984375,56799.8984375,56922.69921875,56491.8515625,56528.94921875,123700
2025-10-16,57422.55078125,57422.55078125,57525.80078125,56994.69921875,57139.94921875,148600
2025-10-17,57713.3515625,57713.3515625,57830.19921875,57238.6484375,57362.8984375,147200
2025-10-20,58033.19921875,58033.19921875,58261.55078125,57872.8515625,57872.8515625,341700
2025-10-21,58007.19921875,58007.19921875,58155.55078125,57887.19921875,58063.3984375,39000
2025-10-23,58078.05078125,58078.05078125,58577.5,57951.44921875,58314.55078125,291600
2025-10-24,57699.6015625,57699.6015625,58232.8984375,57482.05078125,58172.75,132100
2025-10-27,58114.25,58114.25,58224.55078125,57652.75,57796.44921875,153000
2025-10-28,58214.1015625,58214.1015625,58313.80078125,57770.3515625,58006.55078125,256100
2025-10-29,58385.25,58385.25,58469.8984375,58087.05078125,58316.25,151800
2025-10-30,58031.1015625,58031.1015625,58331.19921875,57999.19921875,58152.05078125,223000
2025-10-31,57776.3515625,57776.3515625,58254.94921875,57656.94921875,57942.44921875,307900
2025-11-03,58101.44921875,58101.44921875,58247.55078125,57718.3984375,57726.8515625,27800
2025-11-04,57827.05078125,57827.05078125,58119.6484375,57732.94921875,57966.6484375,168600
2025-11-06,57554.25,57554.25,57945.05078125,57521.0,57714.80078125,170400
2025-11-07,57876.80078125,57876.80078125,58001.3515625,57157.8515625,57391.3984375,142400
2025-11-10,57937.55078125,57937.55078125,58097.19921875,57846.19921875,57846.19921875,123400
2025-11-11,58138.1484375,58138.1484375,58187.3515625,57594.25,57962.30078125,119600
2025-11-12,58274.6484375,58274.6484375,58507.69921875,58171.8515625,58505.3515625,149300
2025-11-13,58381.94921875,58381.94921875,58615.94921875,58127.1015625,58158.75,121200
2025-11-14,58517.55078125,58517.55078125,58590.1484375,58050.0,58050.0,114800
2025-11-17,58962.69921875,58962.69921875,59001.55078125,58605.30078125,58696.30078125,157500
2025-11-18,58899.25,58899.25,59103.6484375,58798.8984375,58990.5,145500
2025-11-19,59216.05078125,59216.05078125,59264.25,58688.55078125,58908.1484375,149800
2025-11-20,59347.69921875,59347.69921875,59440.1015625,59125.25,59308.19921875,120000
2025-11-21,58867.69921875,58867.69921875,59232.1484375,58823.6484375,59116.69921875,121400
2025-11-24,58835.3515625,58835.3515625,59309.8984375,58649.5,58996.8984375,190400
2025-11-25,58820.30078125,58820.30078125,59166.1484375,58746.19921875,58925.6484375,137400
2025-11-26,59528.05078125,59528.05078125,59554.94921875,58783.05078125,58783.05078125,140200
2025-11-27,59737.30078125,59737.30078125,59866.6015625,59523.0,59605.30078125,137800
2025-11-28,59752.69921875,59752.69921875,59897.5,59598.94921875,59758.69921875,100000
2025-12-01,59681.3515625,59681.3515625,60114.30078125,59527.6015625,60102.05078125,122300
2025-12-02,59273.80078125,59273.80078125,59656.55078125,59251.94921875,59354.19921875,207100
2025-12-03,59348.25,59348.25,59414.8984375,58925.69921875,59158.69921875,166400
2025-12-04,59288.69921875,59288.69921875,59548.69921875,59062.1484375,59287.1015625,109600
2025-12-05,59777.19921875,59777.19921875,59806.6015625,59106.55078125,59133.19921875,119500
2025-12-08,59238.55078125,59238.55078125,59713.1484375,59030.6015625,59672.05078125,131200
2025-12-09,59222.3515625,59222.3515625,59358.25,58878.44921875,58918.8515625,137800
2025-12-10,58960.3984375,58960.3984375,59440.8984375,58853.8984375,59281.55078125,105200
2025-12-11,59209.8515625,59209.8515625,59423.3515625,58799.8984375,58966.19921875,96900
2025-12-12,59389.94921875,59389.94921875,59545.69921875,59224.8515625,59401.5,107700
2025-12-15,59461.80078125,59461.80078125,59533.0,59052.30078125,59053.69921875,125200
2025-12-16,59034.6015625,59034.6015625,59335.25,58966.3515625,59288.75,123300
2025-12-17,58926.75,58926.75,59127.19921875,58801.3984375,59072.80078125,132700
2025-12-18,58912.8515625,58912.8515625,59211.0,58712.69921875,58712.69921875,97400
2025-12-19,59069.19921875,59069.19921875,59140.55078125,58897.5,59047.3984375,179100
2025-12-22,59304.0,59304.0,59371.19921875,59155.5,59224.75,114800
2025-12-23,59299.55078125,59299.55078125,59402.3515625,59216.75,59334.3515625,91800
2025-12-24,59183.6015625,59183.6015625,59478.1484375,59118.25,59322.94921875,82500
2025-12-26,59011.3515625,59011.3515625,59180.6484375,58947.05078125,59092.8515625,72900
2025-12-29,58932.3515625,58932.3515625,59140.3984375,58809.55078125,59007.05078125,106900
2025-12-30,59171.25,59171.25,59272.69921875,58737.6015625,58885.94921875,295700
2025-12-31,59581.8515625,59581.8515625,59766.19921875,59187.1015625,59194.6015625,122600
